Set,Problem,Initial,Move,Feasibility,size,nImprove,nNeutral,nWorse,nnFrac
Lpr,Lpr-a-01,U_5R_best,relocate,infeasible,53,0,0,0,1.00
Lpr,Lpr-a-01,U_5R_best,relocate,feasible,53,0,21,2581,1.00
Lpr,Lpr-a-01,U_5R_best,exchange,infeasible,53,0,0,0,1.00
Lpr,Lpr-a-01,U_5R_best,exchange,feasible,53,0,1,1275,1.00
Lpr,Lpr-a-01,U_5R_best,relocateBeforeDummy,infeasible,53,0,0,0,1.00
Lpr,Lpr-a-01,U_5R_best,relocateBeforeDummy,feasible,53,0,0,102,1.00
Lpr,Lpr-a-01,U_5R_best,crossAtDummy,infeasible,53,4,1,59,1.00
Lpr,Lpr-a-01,U_5R_best,crossAtDummy,feasible,53,0,1,37,1.00
Lpr,Lpr-a-01,U_5R_best,cross,infeasible,53,0,42,712,1.00
Lpr,Lpr-a-01,U_5R_best,cross,feasible,53,0,15,507,1.00
Lpr,Lpr-a-01,IM_best,relocate,infeasible,53,0,0,0,1.00
Lpr,Lpr-a-01,IM_best,relocate,feasible,53,0,32,2570,1.00
Lpr,Lpr-a-01,IM_best,exchange,infeasible,53,0,0,0,1.00
Lpr,Lpr-a-01,IM_best,exchange,feasible,53,0,5,1271,1.00
Lpr,Lpr-a-01,IM_best,relocateBeforeDummy,infeasible,53,0,0,0,1.00
Lpr,Lpr-a-01,IM_best,relocateBeforeDummy,feasible,53,0,4,98,1.00
Lpr,Lpr-a-01,IM_best,crossAtDummy,infeasible,53,4,3,55,1.00
Lpr,Lpr-a-01,IM_best,crossAtDummy,feasible,53,0,5,35,1.00
Lpr,Lpr-a-01,IM_best,cross,infeasible,53,0,49,683,1.00
Lpr,Lpr-a-01,IM_best,cross,feasible,53,0,14,530,1.00
Lpr,Lpr-a-01,PS_5R_best,relocate,infeasible,53,0,3,181,1.00
Lpr,Lpr-a-01,PS_5R_best,relocate,feasible,53,0,18,2400,1.00
Lpr,Lpr-a-01,PS_5R_best,exchange,infeasible,53,0,0,66,1.00
Lpr,Lpr-a-01,PS_5R_best,exchange,feasible,53,0,1,1209,1.00
Lpr,Lpr-a-01,PS_5R_best,relocateBeforeDummy,infeasible,53,0,0,4,1.00
Lpr,Lpr-a-01,PS_5R_best,relocateBeforeDummy,feasible,53,0,0,98,1.00
Lpr,Lpr-a-01,PS_5R_best,crossAtDummy,infeasible,53,4,0,60,1.00
Lpr,Lpr-a-01,PS_5R_best,crossAtDummy,feasible,53,0,1,37,1.00
Lpr,Lpr-a-01,PS_5R_best,cross,infeasible,53,0,40,1001,1.00
Lpr,Lpr-a-01,PS_5R_best,cross,feasible,53,0,15,220,1.00
Lpr,Lpr-a-02,IM_best,relocate,infeasible,110,0,0,0,1.00
Lpr,Lpr-a-02,IM_best,relocate,feasible,110,0,42,11080,1.00
Lpr,Lpr-a-02,IM_best,relocateBeforeDummy,infeasible,110,0,0,0,1.00
Lpr,Lpr-a-02,IM_best,relocateBeforeDummy,feasible,110,0,2,321,1.00
Lpr,Lpr-a-02,IM_best,crossAtDummy,infeasible,110,11,0,252,1.00
Lpr,Lpr-a-02,IM_best,crossAtDummy,feasible,110,0,2,44,1.00
Lpr,Lpr-a-02,IM_best,exchange,infeasible,110,0,0,0,1.00
Lpr,Lpr-a-02,IM_best,exchange,feasible,110,0,4,5767,1.00
Lpr,Lpr-a-02,IM_best,cross,infeasible,110,0,98,3603,1.00
Lpr,Lpr-a-02,IM_best,cross,feasible,110,0,16,1538,1.00
Lpr,Lpr-a-02,PS_5R_best,relocate,infeasible,110,1,5,2741,1.00
Lpr,Lpr-a-02,PS_5R_best,relocate,feasible,110,0,32,8342,1.00
Lpr,Lpr-a-02,PS_5R_best,relocateBeforeDummy,infeasible,110,0,1,66,1.00
Lpr,Lpr-a-02,PS_5R_best,relocateBeforeDummy,feasible,110,0,1,256,1.00
Lpr,Lpr-a-02,PS_5R_best,crossAtDummy,infeasible,110,10,3,244,1.00
Lpr,Lpr-a-02,PS_5R_best,crossAtDummy,feasible,110,0,0,52,1.00
Lpr,Lpr-a-02,PS_5R_best,exchange,infeasible,110,0,0,1142,1.00
Lpr,Lpr-a-02,PS_5R_best,exchange,feasible,110,0,6,4623,1.00
Lpr,Lpr-a-02,PS_5R_best,cross,infeasible,110,3,103,3727,1.00
Lpr,Lpr-a-02,PS_5R_best,cross,feasible,110,0,24,1398,1.00
Lpr,Lpr-a-02,U_5R_best,relocate,infeasible,110,0,0,0,1.00
Lpr,Lpr-a-02,U_5R_best,relocate,feasible,110,0,48,11073,1.00
Lpr,Lpr-a-02,U_5R_best,relocateBeforeDummy,infeasible,110,0,0,0,1.00
Lpr,Lpr-a-02,U_5R_best,relocateBeforeDummy,feasible,110,0,2,322,1.00
Lpr,Lpr-a-02,U_5R_best,crossAtDummy,infeasible,110,9,3,249,1.00
Lpr,Lpr-a-02,U_5R_best,crossAtDummy,feasible,110,0,1,47,1.00
Lpr,Lpr-a-02,U_5R_best,exchange,infeasible,110,0,0,0,1.00
Lpr,Lpr-a-02,U_5R_best,exchange,feasible,110,0,7,5764,1.00
Lpr,Lpr-a-02,U_5R_best,cross,infeasible,110,1,95,3420,1.00
Lpr,Lpr-a-02,U_5R_best,cross,feasible,110,0,38,1701,1.00
Lpr,Lpr-a-03,IM_best,relocate,infeasible,338,4,34,23721,1.00
Lpr,Lpr-a-03,IM_best,relocate,feasible,338,2,160,77861,1.00
Lpr,Lpr-a-03,IM_best,exchange,infeasible,338,0,4,10106,1.00
Lpr,Lpr-a-03,IM_best,exchange,feasible,338,1,16,46093,1.00
Lpr,Lpr-a-03,IM_best,relocateBeforeDummy,infeasible,338,0,2,545,1.00
Lpr,Lpr-a-03,IM_best,relocateBeforeDummy,feasible,338,0,4,1800,1.00
Lpr,Lpr-a-03,IM_best,crossAtDummy,infeasible,338,51,12,1912,1.00
Lpr,Lpr-a-03,IM_best,crossAtDummy,feasible,338,0,5,141,1.00
Lpr,Lpr-a-03,IM_best,cross,infeasible,338,18,408,39129,1.00
Lpr,Lpr-a-03,IM_best,cross,feasible,338,0,41,6163,1.00
Lpr,Lpr-a-03,U_5R_best,relocate,infeasible,338,1,29,28635,1.00
Lpr,Lpr-a-03,U_5R_best,relocate,feasible,338,1,122,72993,1.00
Lpr,Lpr-a-03,U_5R_best,exchange,infeasible,338,0,3,12697,1.00
Lpr,Lpr-a-03,U_5R_best,exchange,feasible,338,1,24,43494,1.00
Lpr,Lpr-a-03,U_5R_best,relocateBeforeDummy,infeasible,338,2,8,602,1.00
Lpr,Lpr-a-03,U_5R_best,relocateBeforeDummy,feasible,338,0,10,1730,1.00
Lpr,Lpr-a-03,U_5R_best,crossAtDummy,infeasible,338,58,41,1873,1.00
Lpr,Lpr-a-03,U_5R_best,crossAtDummy,feasible,338,0,3,146,1.00
Lpr,Lpr-a-03,U_5R_best,cross,infeasible,338,12,399,39691,1.00
Lpr,Lpr-a-03,U_5R_best,cross,feasible,338,0,42,5615,1.00
Lpr,Lpr-a-03,PS_5R_best,relocate,infeasible,338,0,23,28289,1.00
Lpr,Lpr-a-03,PS_5R_best,relocate,feasible,338,0,157,73313,1.00
Lpr,Lpr-a-03,PS_5R_best,relocateBeforeDummy,infeasible,338,3,9,577,1.00
Lpr,Lpr-a-03,PS_5R_best,relocateBeforeDummy,feasible,338,1,9,1752,1.00
Lpr,Lpr-a-03,PS_5R_best,crossAtDummy,infeasible,338,62,47,1874,1.00
Lpr,Lpr-a-03,PS_5R_best,crossAtDummy,feasible,338,0,1,137,1.00
Lpr,Lpr-a-03,PS_5R_best,exchange,infeasible,338,0,1,12468,1.00
Lpr,Lpr-a-03,PS_5R_best,exchange,feasible,338,0,9,43739,1.00
Lpr,Lpr-a-03,PS_5R_best,cross,infeasible,338,8,440,39731,1.00
Lpr,Lpr-a-03,PS_5R_best,cross,feasible,338,0,19,5561,1.00
Lpr,Lpr-a-04,U_5R_best,relocate,infeasible,538,49,196,189908,1.00
Lpr,Lpr-a-04,U_5R_best,relocate,feasible,538,0,167,78728,1.00
Lpr,Lpr-a-04,U_5R_best,relocateBeforeDummy,infeasible,538,30,64,3949,1.00
Lpr,Lpr-a-04,U_5R_best,relocateBeforeDummy,feasible,538,0,7,1846,1.00
Lpr,Lpr-a-04,U_5R_best,crossAtDummy,infeasible,538,234,181,5056,1.00
Lpr,Lpr-a-04,U_5R_best,crossAtDummy,feasible,538,0,3,48,1.00
Lpr,Lpr-a-04,U_5R_best,exchange,infeasible,538,3,23,89742,1.00
Lpr,Lpr-a-04,U_5R_best,exchange,feasible,538,0,20,53533,1.00
Lpr,Lpr-a-04,U_5R_best,cross,infeasible,538,142,1109,121963,1.00
Lpr,Lpr-a-04,U_5R_best,cross,feasible,538,0,10,2537,1.00
Lpr,Lpr-a-04,PS_5R_best,relocate,infeasible,538,53,225,187262,1.00
Lpr,Lpr-a-04,PS_5R_best,relocate,feasible,538,0,136,81372,1.00
Lpr,Lpr-a-04,PS_5R_best,relocateBeforeDummy,infeasible,538,8,38,4061,1.00
Lpr,Lpr-a-04,PS_5R_best,relocateBeforeDummy,feasible,538,0,15,1774,1.00
Lpr,Lpr-a-04,PS_5R_best,crossAtDummy,infeasible,538,154,138,5180,1.00
Lpr,Lpr-a-04,PS_5R_best,crossAtDummy,feasible,538,0,4,46,1.00
Lpr,Lpr-a-04,PS_5R_best,exchange,infeasible,538,3,20,83775,1.00
Lpr,Lpr-a-04,PS_5R_best,exchange,feasible,538,0,19,59503,1.00
Lpr,Lpr-a-04,PS_5R_best,cross,infeasible,538,152,1135,121633,1.00
Lpr,Lpr-a-04,PS_5R_best,cross,feasible,538,0,18,2823,1.00
Lpr,Lpr-a-04,IM_best,relocate,infeasible,538,21,250,198935,1.00
Lpr,Lpr-a-04,IM_best,relocate,feasible,538,1,158,69684,1.00
Lpr,Lpr-a-04,IM_best,relocateBeforeDummy,infeasible,538,8,53,4150,1.00
Lpr,Lpr-a-04,IM_best,relocateBeforeDummy,feasible,538,0,2,1682,1.00
Lpr,Lpr-a-04,IM_best,crossAtDummy,infeasible,538,159,97,5204,1.00
Lpr,Lpr-a-04,IM_best,crossAtDummy,feasible,538,0,1,61,1.00
Lpr,Lpr-a-04,IM_best,exchange,infeasible,538,2,31,99726,1.00
Lpr,Lpr-a-04,IM_best,exchange,feasible,538,0,21,43539,1.00
Lpr,Lpr-a-04,IM_best,cross,infeasible,538,49,993,122216,1.00
Lpr,Lpr-a-04,IM_best,cross,feasible,538,0,11,2492,1.00
Lpr,Lpr-a-05,IM_best,relocate,infeasible,865,128,501,602486,1.00
Lpr,Lpr-a-05,IM_best,relocate,feasible,865,2,161,91396,1.00
Lpr,Lpr-a-05,IM_best,relocateBeforeDummy,infeasible,865,105,133,12557,1.00
Lpr,Lpr-a-05,IM_best,relocateBeforeDummy,feasible,865,0,8,2731,1.00
Lpr,Lpr-a-05,IM_best,crossAtDummy,infeasible,865,533,313,12905,1.00
Lpr,Lpr-a-05,IM_best,crossAtDummy,feasible,865,0,1,738,1.00
Lpr,Lpr-a-05,IM_best,exchange,infeasible,865,4,35,286279,1.00
Lpr,Lpr-a-05,IM_best,exchange,feasible,865,1,23,85506,1.00
Lpr,Lpr-a-05,IM_best,cross,infeasible,865,279,1747,316359,1.00
Lpr,Lpr-a-05,IM_best,cross,feasible,865,0,9,5233,1.00
Lpr,Lpr-a-05,PS_5R_best,relocate,infeasible,865,33,336,374657,1.00
Lpr,Lpr-a-05,PS_5R_best,relocate,feasible,865,0,234,319414,1.00
Lpr,Lpr-a-05,PS_5R_best,relocateBeforeDummy,infeasible,865,8,54,7799,1.00
Lpr,Lpr-a-05,PS_5R_best,relocateBeforeDummy,feasible,865,0,21,7652,1.00
Lpr,Lpr-a-05,PS_5R_best,crossAtDummy,infeasible,865,396,199,13139,1.00
Lpr,Lpr-a-05,PS_5R_best,crossAtDummy,feasible,865,0,18,738,1.00
Lpr,Lpr-a-05,PS_5R_best,exchange,infeasible,865,4,28,161943,1.00
Lpr,Lpr-a-05,PS_5R_best,exchange,feasible,865,0,35,209841,1.00
Lpr,Lpr-a-05,PS_5R_best,cross,infeasible,865,350,1868,294625,1.00
Lpr,Lpr-a-05,PS_5R_best,cross,feasible,865,0,134,26650,1.00
Lpr,Lpr-a-05,U_5R_best,relocate,infeasible,865,144,437,480100,1.00
Lpr,Lpr-a-05,U_5R_best,relocate,feasible,865,0,274,213721,1.00
Lpr,Lpr-a-05,U_5R_best,relocateBeforeDummy,infeasible,865,60,100,10049,1.00
Lpr,Lpr-a-05,U_5R_best,relocateBeforeDummy,feasible,865,0,32,5291,1.00
Lpr,Lpr-a-05,U_5R_best,crossAtDummy,infeasible,865,531,398,12833,1.00
Lpr,Lpr-a-05,U_5R_best,crossAtDummy,feasible,865,0,9,719,1.00
Lpr,Lpr-a-05,U_5R_best,exchange,infeasible,865,8,35,227527,1.00
Lpr,Lpr-a-05,U_5R_best,exchange,feasible,865,0,39,144243,1.00
Lpr,Lpr-a-05,U_5R_best,cross,infeasible,865,371,2065,295673,1.00
Lpr,Lpr-a-05,U_5R_best,cross,feasible,865,0,29,25489,1.00
Lpr,Lpr-b-01,U_5R_best,relocate,infeasible,56,0,0,0,1.00
Lpr,Lpr-b-01,U_5R_best,relocate,feasible,56,0,78,2564,1.00
Lpr,Lpr-b-01,U_5R_best,exchange,infeasible,56,0,0,0,1.00
Lpr,Lpr-b-01,U_5R_best,exchange,feasible,56,0,7,1415,1.00
Lpr,Lpr-b-01,U_5R_best,relocateBeforeDummy,infeasible,56,0,0,0,1.00
Lpr,Lpr-b-01,U_5R_best,relocateBeforeDummy,feasible,56,0,10,98,1.00
Lpr,Lpr-b-01,U_5R_best,crossAtDummy,infeasible,56,4,2,62,1.00
Lpr,Lpr-b-01,U_5R_best,crossAtDummy,feasible,56,0,14,16,1.00
Lpr,Lpr-b-01,U_5R_best,cross,infeasible,56,2,78,605,1.00
Lpr,Lpr-b-01,U_5R_best,cross,feasible,56,0,8,484,1.00
Lpr,Lpr-b-01,PS_5R_best,relocate,infeasible,56,0,0,0,1.00
Lpr,Lpr-b-01,PS_5R_best,relocate,feasible,56,0,64,2578,1.00
Lpr,Lpr-b-01,PS_5R_best,exchange,infeasible,56,0,0,0,1.00
Lpr,Lpr-b-01,PS_5R_best,exchange,feasible,56,0,8,1413,1.00
Lpr,Lpr-b-01,PS_5R_best,relocateBeforeDummy,infeasible,56,0,0,0,1.00
Lpr,Lpr-b-01,PS_5R_best,relocateBeforeDummy,feasible,56,0,2,106,1.00
Lpr,Lpr-b-01,PS_5R_best,crossAtDummy,infeasible,56,4,3,61,1.00
Lpr,Lpr-b-01,PS_5R_best,crossAtDummy,feasible,56,0,3,27,1.00
Lpr,Lpr-b-01,PS_5R_best,cross,infeasible,56,0,56,685,1.00
Lpr,Lpr-b-01,PS_5R_best,cross,feasible,56,0,38,398,1.00
Lpr,Lpr-b-01,IM_best,relocate,infeasible,56,0,0,0,1.00
Lpr,Lpr-b-01,IM_best,relocate,feasible,56,0,66,2576,1.00
Lpr,Lpr-b-01,IM_best,exchange,infeasible,56,0,0,0,1.00
Lpr,Lpr-b-01,IM_best,exchange,feasible,56,0,16,1406,1.00
Lpr,Lpr-b-01,IM_best,relocateBeforeDummy,infeasible,56,0,0,0,1.00
Lpr,Lpr-b-01,IM_best,relocateBeforeDummy,feasible,56,0,8,100,1.00
Lpr,Lpr-b-01,IM_best,crossAtDummy,infeasible,56,4,4,59,1.00
Lpr,Lpr-b-01,IM_best,crossAtDummy,feasible,56,0,9,22,1.00
Lpr,Lpr-b-01,IM_best,cross,infeasible,56,1,41,579,1.00
Lpr,Lpr-b-01,IM_best,cross,feasible,56,0,51,505,1.00
Lpr,Lpr-b-02,U_5R_best,relocate,infeasible,111,0,13,815,1.00
Lpr,Lpr-b-02,U_5R_best,relocate,feasible,111,0,129,9936,1.00
Lpr,Lpr-b-02,U_5R_best,exchange,infeasible,111,0,0,122,1.00
Lpr,Lpr-b-02,U_5R_best,exchange,feasible,111,0,19,5728,1.00
Lpr,Lpr-b-02,U_5R_best,relocateBeforeDummy,infeasible,111,0,0,23,1.00
Lpr,Lpr-b-02,U_5R_best,relocateBeforeDummy,feasible,111,0,2,302,1.00
Lpr,Lpr-b-02,U_5R_best,crossAtDummy,infeasible,111,9,5,238,1.00
Lpr,Lpr-b-02,U_5R_best,crossAtDummy,feasible,111,0,5,43,1.00
Lpr,Lpr-b-02,U_5R_best,cross,infeasible,111,0,124,3477,1.00
Lpr,Lpr-b-02,U_5R_best,cross,feasible,111,0,69,1282,1.00
Lpr,Lpr-b-02,IM_best,relocate,infeasible,111,0,0,0,1.00
Lpr,Lpr-b-02,IM_best,relocate,feasible,111,0,157,10736,1.00
Lpr,Lpr-b-02,IM_best,exchange,infeasible,111,0,0,0,1.00
Lpr,Lpr-b-02,IM_best,exchange,feasible,111,0,22,5847,1.00
Lpr,Lpr-b-02,IM_best,relocateBeforeDummy,infeasible,111,0,0,0,1.00
Lpr,Lpr-b-02,IM_best,relocateBeforeDummy,feasible,111,0,10,317,1.00
Lpr,Lpr-b-02,IM_best,crossAtDummy,infeasible,111,10,13,224,1.00
Lpr,Lpr-b-02,IM_best,crossAtDummy,feasible,111,0,6,47,1.00
Lpr,Lpr-b-02,IM_best,cross,infeasible,111,1,159,3346,1.00
Lpr,Lpr-b-02,IM_best,cross,feasible,111,0,70,1376,1.00
Lpr,Lpr-b-02,PS_5R_best,relocate,infeasible,111,0,4,815,1.00
Lpr,Lpr-b-02,PS_5R_best,relocate,feasible,111,0,131,9943,1.00
Lpr,Lpr-b-02,PS_5R_best,exchange,infeasible,111,0,0,196,1.00
Lpr,Lpr-b-02,PS_5R_best,exchange,feasible,111,0,25,5648,1.00
Lpr,Lpr-b-02,PS_5R_best,relocateBeforeDummy,infeasible,111,0,0,21,1.00
Lpr,Lpr-b-02,PS_5R_best,relocateBeforeDummy,feasible,111,0,4,302,1.00
Lpr,Lpr-b-02,PS_5R_best,crossAtDummy,infeasible,111,9,16,226,1.00
Lpr,Lpr-b-02,PS_5R_best,crossAtDummy,feasible,111,0,2,47,1.00
Lpr,Lpr-b-02,PS_5R_best,cross,infeasible,111,0,139,3269,1.00
Lpr,Lpr-b-02,PS_5R_best,cross,feasible,111,0,61,1483,1.00
Lpr,Lpr-b-03,IM_best,relocate,infeasible,332,1,72,21904,1.00
Lpr,Lpr-b-03,IM_best,relocate,feasible,332,0,249,78075,1.00
Lpr,Lpr-b-03,IM_best,exchange,infeasible,332,0,12,8675,1.00
Lpr,Lpr-b-03,IM_best,exchange,feasible,332,0,46,45507,1.00
Lpr,Lpr-b-03,IM_best,relocateBeforeDummy,infeasible,332,0,12,469,1.00
Lpr,Lpr-b-03,IM_best,relocateBeforeDummy,feasible,332,0,14,1814,1.00
Lpr,Lpr-b-03,IM_best,crossAtDummy,infeasible,332,49,32,1885,1.00
Lpr,Lpr-b-03,IM_best,crossAtDummy,feasible,332,0,10,152,1.00
Lpr,Lpr-b-03,IM_best,cross,infeasible,332,15,568,38427,1.00
Lpr,Lpr-b-03,IM_best,cross,feasible,332,0,83,6969,1.00
Lpr,Lpr-b-03,U_5R_best,relocate,infeasible,332,4,32,19407,1.00
Lpr,Lpr-b-03,U_5R_best,relocate,feasible,332,0,257,80600,1.00
Lpr,Lpr-b-03,U_5R_best,relocateBeforeDummy,infeasible,332,1,11,363,1.00
Lpr,Lpr-b-03,U_5R_best,relocateBeforeDummy,feasible,332,0,34,1901,1.00
Lpr,Lpr-b-03,U_5R_best,crossAtDummy,infeasible,332,52,81,1802,1.00
Lpr,Lpr-b-03,U_5R_best,crossAtDummy,feasible,332,0,9,184,1.00
Lpr,Lpr-b-03,U_5R_best,exchange,infeasible,332,0,7,8082,1.00
Lpr,Lpr-b-03,U_5R_best,exchange,feasible,332,0,47,46101,1.00
Lpr,Lpr-b-03,U_5R_best,cross,infeasible,332,16,496,39047,1.00
Lpr,Lpr-b-03,U_5R_best,cross,feasible,332,0,73,6430,1.00
Lpr,Lpr-b-03,PS_5R_best,relocate,infeasible,332,3,45,26547,1.00
Lpr,Lpr-b-03,PS_5R_best,relocate,feasible,332,0,267,73438,1.00
Lpr,Lpr-b-03,PS_5R_best,relocateBeforeDummy,infeasible,332,3,21,513,1.00
Lpr,Lpr-b-03,PS_5R_best,relocateBeforeDummy,feasible,332,0,43,1730,1.00
Lpr,Lpr-b-03,PS_5R_best,crossAtDummy,infeasible,332,68,100,1759,1.00
Lpr,Lpr-b-03,PS_5R_best,crossAtDummy,feasible,332,0,12,189,1.00
Lpr,Lpr-b-03,PS_5R_best,exchange,infeasible,332,1,2,13532,1.00
Lpr,Lpr-b-03,PS_5R_best,exchange,feasible,332,0,32,40670,1.00
Lpr,Lpr-b-03,PS_5R_best,cross,infeasible,332,5,478,38915,1.00
Lpr,Lpr-b-03,PS_5R_best,cross,feasible,332,0,70,6594,1.00
Lpr,Lpr-b-04,IM_best,relocate,infeasible,510,22,376,160054,1.00
Lpr,Lpr-b-04,IM_best,relocate,feasible,510,0,265,93285,1.00
Lpr,Lpr-b-04,IM_best,relocateBeforeDummy,infeasible,510,2,47,3242,1.00
Lpr,Lpr-b-04,IM_best,relocateBeforeDummy,feasible,510,0,13,2284,1.00
Lpr,Lpr-b-04,IM_best,crossAtDummy,infeasible,510,146,96,4996,1.00
Lpr,Lpr-b-04,IM_best,crossAtDummy,feasible,510,0,11,251,1.00
Lpr,Lpr-b-04,IM_best,exchange,infeasible,510,2,71,70514,1.00
Lpr,Lpr-b-04,IM_best,exchange,feasible,510,0,60,58124,1.00
Lpr,Lpr-b-04,IM_best,cross,infeasible,510,61,1183,113629,1.00
Lpr,Lpr-b-04,IM_best,cross,feasible,510,0,72,9815,1.00
Lpr,Lpr-b-04,U_5R_best,relocate,infeasible,510,13,273,120272,1.00
Lpr,Lpr-b-04,U_5R_best,relocate,feasible,510,0,374,133070,1.00
Lpr,Lpr-b-04,U_5R_best,relocateBeforeDummy,infeasible,510,4,60,2463,1.00
Lpr,Lpr-b-04,U_5R_best,relocateBeforeDummy,feasible,510,0,34,3027,1.00
Lpr,Lpr-b-04,U_5R_best,cross,infeasible,510,105,1252,112085,1.00
Lpr,Lpr-b-04,U_5R_best,cross,feasible,510,0,92,11226,1.00
Lpr,Lpr-b-04,U_5R_best,exchange,infeasible,510,4,31,46837,1.00
Lpr,Lpr-b-04,U_5R_best,exchange,feasible,510,0,68,81833,1.00
Lpr,Lpr-b-04,U_5R_best,crossAtDummy,infeasible,510,178,155,4901,1.00
Lpr,Lpr-b-04,U_5R_best,crossAtDummy,feasible,510,0,18,248,1.00
Lpr,Lpr-b-04,PS_5R_best,relocate,infeasible,510,11,281,131651,1.00
Lpr,Lpr-b-04,PS_5R_best,relocate,feasible,510,0,299,121761,1.00
Lpr,Lpr-b-04,PS_5R_best,exchange,infeasible,510,3,28,62541,1.00
Lpr,Lpr-b-04,PS_5R_best,exchange,feasible,510,0,45,66156,1.00
Lpr,Lpr-b-04,PS_5R_best,relocateBeforeDummy,infeasible,510,3,50,2631,1.00
Lpr,Lpr-b-04,PS_5R_best,relocateBeforeDummy,feasible,510,0,21,2882,1.00
Lpr,Lpr-b-04,PS_5R_best,crossAtDummy,infeasible,510,150,129,4911,1.00
Lpr,Lpr-b-04,PS_5R_best,crossAtDummy,feasible,510,0,13,297,1.00
Lpr,Lpr-b-04,PS_5R_best,cross,infeasible,510,62,1083,112245,1.00
Lpr,Lpr-b-04,PS_5R_best,cross,feasible,510,0,89,11281,1.00
Lpr,Lpr-b-05,IM_best,relocate,infeasible,839,37,733,476928,1.00
Lpr,Lpr-b-05,IM_best,relocate,feasible,839,0,391,191493,1.00
Lpr,Lpr-b-05,IM_best,relocateBeforeDummy,infeasible,839,20,89,9933,1.00
Lpr,Lpr-b-05,IM_best,relocateBeforeDummy,feasible,839,0,19,5003,1.00
Lpr,Lpr-b-05,IM_best,crossAtDummy,infeasible,839,445,158,13120,1.00
Lpr,Lpr-b-05,IM_best,crossAtDummy,feasible,839,0,12,665,1.00
Lpr,Lpr-b-05,IM_best,exchange,infeasible,839,8,133,212114,1.00
Lpr,Lpr-b-05,IM_best,exchange,feasible,839,0,87,137467,1.00
Lpr,Lpr-b-05,IM_best,cross,infeasible,839,118,2119,301793,1.00
Lpr,Lpr-b-05,IM_best,cross,feasible,839,0,84,15503,1.00
Lpr,Lpr-b-05,U_5R_best,relocate,infeasible,839,9,439,288436,1.00
Lpr,Lpr-b-05,U_5R_best,relocate,feasible,839,0,622,380074,1.00
Lpr,Lpr-b-05,U_5R_best,relocateBeforeDummy,infeasible,839,7,82,6225,1.00
Lpr,Lpr-b-05,U_5R_best,relocateBeforeDummy,feasible,839,0,58,8694,1.00
Lpr,Lpr-b-05,U_5R_best,crossAtDummy,infeasible,839,381,248,13108,1.00
Lpr,Lpr-b-05,U_5R_best,crossAtDummy,feasible,839,0,21,642,1.00
Lpr,Lpr-b-05,U_5R_best,exchange,infeasible,839,2,28,110663,1.00
Lpr,Lpr-b-05,U_5R_best,exchange,feasible,839,0,78,239037,1.00
Lpr,Lpr-b-05,U_5R_best,cross,infeasible,839,159,2134,289674,1.00
Lpr,Lpr-b-05,U_5R_best,cross,feasible,839,0,133,27517,1.00
Lpr,Lpr-b-05,PS_5R_best,relocate,infeasible,839,14,560,320734,1.00
Lpr,Lpr-b-05,PS_5R_best,relocate,feasible,839,0,561,347711,1.00
Lpr,Lpr-b-05,PS_5R_best,exchange,infeasible,839,1,55,126331,1.00
Lpr,Lpr-b-05,PS_5R_best,exchange,feasible,839,1,104,223318,1.00
Lpr,Lpr-b-05,PS_5R_best,relocateBeforeDummy,infeasible,839,3,44,6819,1.00
Lpr,Lpr-b-05,PS_5R_best,relocateBeforeDummy,feasible,839,0,50,8150,1.00
Lpr,Lpr-b-05,PS_5R_best,crossAtDummy,infeasible,839,356,132,13256,1.00
Lpr,Lpr-b-05,PS_5R_best,crossAtDummy,feasible,839,0,32,624,1.00
Lpr,Lpr-b-05,PS_5R_best,cross,infeasible,839,192,2125,291668,1.00
Lpr,Lpr-b-05,PS_5R_best,cross,feasible,839,0,154,25478,1.00
Lpr,Lpr-c-01,U_5R_best,relocate,infeasible,90,0,0,0,1.00
Lpr,Lpr-c-01,U_5R_best,relocate,feasible,90,0,34,4241,1.00
Lpr,Lpr-c-01,U_5R_best,relocateBeforeDummy,infeasible,90,0,0,0,1.00
Lpr,Lpr-c-01,U_5R_best,relocateBeforeDummy,feasible,90,0,3,172,1.00
Lpr,Lpr-c-01,U_5R_best,crossAtDummy,infeasible,90,4,3,82,1.00
Lpr,Lpr-c-01,U_5R_best,crossAtDummy,feasible,90,0,1,8,1.00
Lpr,Lpr-c-01,U_5R_best,exchange,infeasible,90,0,0,0,1.00
Lpr,Lpr-c-01,U_5R_best,exchange,feasible,90,0,2,3721,1.00
Lpr,Lpr-c-01,U_5R_best,cross,infeasible,90,0,39,909,1.00
Lpr,Lpr-c-01,U_5R_best,cross,feasible,90,0,6,223,1.00
Lpr,Lpr-c-01,IM_best,relocate,infeasible,90,0,0,0,1.00
Lpr,Lpr-c-01,IM_best,relocate,feasible,90,1,35,4240,1.00
Lpr,Lpr-c-01,IM_best,exchange,infeasible,90,0,0,0,1.00
Lpr,Lpr-c-01,IM_best,exchange,feasible,90,0,8,3719,1.00
Lpr,Lpr-c-01,IM_best,relocateBeforeDummy,infeasible,90,0,0,0,1.00
Lpr,Lpr-c-01,IM_best,relocateBeforeDummy,feasible,90,0,1,173,1.00
Lpr,Lpr-c-01,IM_best,crossAtDummy,infeasible,90,4,0,85,1.00
Lpr,Lpr-c-01,IM_best,crossAtDummy,feasible,90,0,1,8,1.00
Lpr,Lpr-c-01,IM_best,cross,infeasible,90,1,45,912,1.00
Lpr,Lpr-c-01,IM_best,cross,feasible,90,0,6,213,1.00
Lpr,Lpr-c-01,PS_5R_best,relocate,infeasible,90,1,1,673,1.00
Lpr,Lpr-c-01,PS_5R_best,relocate,feasible,90,0,22,3578,1.00
Lpr,Lpr-c-01,PS_5R_best,relocateBeforeDummy,infeasible,90,0,0,25,1.00
Lpr,Lpr-c-01,PS_5R_best,relocateBeforeDummy,feasible,90,0,4,146,1.00
Lpr,Lpr-c-01,PS_5R_best,crossAtDummy,infeasible,90,5,6,80,1.00
Lpr,Lpr-c-01,PS_5R_best,crossAtDummy,feasible,90,0,0,7,1.00
Lpr,Lpr-c-01,PS_5R_best,exchange,infeasible,90,0,0,279,1.00
Lpr,Lpr-c-01,PS_5R_best,exchange,feasible,90,0,1,3444,1.00
Lpr,Lpr-c-01,PS_5R_best,cross,infeasible,90,1,47,920,1.00
Lpr,Lpr-c-01,PS_5R_best,cross,feasible,90,0,4,205,1.00
Lpr,Lpr-c-02,U_5R_best,relocate,infeasible,178,4,0,4256,1.00
Lpr,Lpr-c-02,U_5R_best,relocate,feasible,178,0,49,13044,1.00
Lpr,Lpr-c-02,U_5R_best,relocateBeforeDummy,infeasible,178,1,7,118,1.00
Lpr,Lpr-c-02,U_5R_best,relocateBeforeDummy,feasible,178,0,2,573,1.00
Lpr,Lpr-c-02,U_5R_best,crossAtDummy,infeasible,178,20,14,297,1.00
Lpr,Lpr-c-02,U_5R_best,crossAtDummy,feasible,178,0,1,64,1.00
Lpr,Lpr-c-02,U_5R_best,exchange,infeasible,178,0,0,2234,1.00
Lpr,Lpr-c-02,U_5R_best,exchange,feasible,178,0,3,12955,1.00
Lpr,Lpr-c-02,U_5R_best,cross,infeasible,178,3,75,3809,1.00
Lpr,Lpr-c-02,U_5R_best,cross,feasible,178,0,27,940,1.00
Lpr,Lpr-c-02,PS_5R_best,cross,infeasible,178,1,85,4350,1.00
Lpr,Lpr-c-02,PS_5R_best,cross,feasible,178,0,9,409,1.00
Lpr,Lpr-c-02,PS_5R_best,relocateBeforeDummy,infeasible,178,9,13,322,1.00
Lpr,Lpr-c-02,PS_5R_best,relocateBeforeDummy,feasible,178,1,1,357,1.00
Lpr,Lpr-c-02,PS_5R_best,relocate,infeasible,178,0,27,10855,1.00
Lpr,Lpr-c-02,PS_5R_best,relocate,feasible,178,0,41,6428,1.00
Lpr,Lpr-c-02,PS_5R_best,crossAtDummy,infeasible,178,22,27,272,1.00
Lpr,Lpr-c-02,PS_5R_best,crossAtDummy,feasible,178,0,0,75,1.00
Lpr,Lpr-c-02,PS_5R_best,exchange,infeasible,178,1,5,8370,1.00
Lpr,Lpr-c-02,PS_5R_best,exchange,feasible,178,1,5,6812,1.00
Lpr,Lpr-c-02,IM_best,relocate,infeasible,178,0,12,2193,1.00
Lpr,Lpr-c-02,IM_best,relocate,feasible,178,1,40,15107,1.00
Lpr,Lpr-c-02,IM_best,relocateBeforeDummy,infeasible,178,0,0,63,1.00
Lpr,Lpr-c-02,IM_best,relocateBeforeDummy,feasible,178,0,6,632,1.00
Lpr,Lpr-c-02,IM_best,crossAtDummy,infeasible,178,16,4,305,1.00
Lpr,Lpr-c-02,IM_best,crossAtDummy,feasible,178,0,4,67,1.00
Lpr,Lpr-c-02,IM_best,exchange,infeasible,178,0,0,903,1.00
Lpr,Lpr-c-02,IM_best,exchange,feasible,178,0,6,14287,1.00
Lpr,Lpr-c-02,IM_best,cross,infeasible,178,3,69,3289,1.00
Lpr,Lpr-c-02,IM_best,cross,feasible,178,0,43,1450,1.00
Lpr,Lpr-c-03,IM_best,relocate,infeasible,544,24,165,117062,1.00
Lpr,Lpr-c-03,IM_best,relocate,feasible,544,2,65,45600,1.00
Lpr,Lpr-c-03,IM_best,exchange,infeasible,544,6,20,79173,1.00
Lpr,Lpr-c-03,IM_best,exchange,feasible,544,0,21,66746,1.00
Lpr,Lpr-c-03,IM_best,relocateBeforeDummy,infeasible,544,12,46,3777,1.00
Lpr,Lpr-c-03,IM_best,relocateBeforeDummy,feasible,544,1,3,1573,1.00
Lpr,Lpr-c-03,IM_best,crossAtDummy,infeasible,544,133,71,2773,1.00
Lpr,Lpr-c-03,IM_best,crossAtDummy,feasible,544,0,2,31,1.00
Lpr,Lpr-c-03,IM_best,cross,infeasible,544,45,431,43094,1.00
Lpr,Lpr-c-03,IM_best,cross,feasible,544,0,18,1571,1.00
Lpr,Lpr-c-03,U_5R_best,relocate,infeasible,544,25,127,107314,1.00
Lpr,Lpr-c-03,U_5R_best,relocate,feasible,544,0,92,55360,1.00
Lpr,Lpr-c-03,U_5R_best,relocateBeforeDummy,infeasible,544,18,60,3355,1.00
Lpr,Lpr-c-03,U_5R_best,relocateBeforeDummy,feasible,544,0,17,1962,1.00
Lpr,Lpr-c-03,U_5R_best,crossAtDummy,infeasible,544,177,102,2675,1.00
Lpr,Lpr-c-03,U_5R_best,crossAtDummy,feasible,544,0,2,54,1.00
Lpr,Lpr-c-03,U_5R_best,exchange,infeasible,544,0,7,72590,1.00
Lpr,Lpr-c-03,U_5R_best,exchange,feasible,544,0,11,73347,1.00
Lpr,Lpr-c-03,U_5R_best,cross,infeasible,544,60,459,43106,1.00
Lpr,Lpr-c-03,U_5R_best,cross,feasible,544,0,12,1522,1.00
Lpr,Lpr-c-03,PS_5R_best,relocate,infeasible,544,18,150,123265,1.00
Lpr,Lpr-c-03,PS_5R_best,relocate,feasible,544,1,74,39405,1.00
Lpr,Lpr-c-03,PS_5R_best,relocateBeforeDummy,infeasible,544,60,114,3791,1.00
Lpr,Lpr-c-03,PS_5R_best,relocateBeforeDummy,feasible,544,2,19,1431,1.00
Lpr,Lpr-c-03,PS_5R_best,crossAtDummy,infeasible,544,182,169,2592,1.00
Lpr,Lpr-c-03,PS_5R_best,crossAtDummy,feasible,544,0,1,66,1.00
Lpr,Lpr-c-03,PS_5R_best,exchange,infeasible,544,6,22,104042,1.00
Lpr,Lpr-c-03,PS_5R_best,exchange,feasible,544,1,8,41877,1.00
Lpr,Lpr-c-03,PS_5R_best,cross,infeasible,544,17,399,43360,1.00
Lpr,Lpr-c-03,PS_5R_best,cross,feasible,544,0,15,1368,1.00
Lpr,Lpr-c-04,U_5R_best,relocate,infeasible,867,30,164,209800,1.00
Lpr,Lpr-c-04,U_5R_best,relocate,feasible,867,2,194,224565,1.00
Lpr,Lpr-c-04,U_5R_best,relocateBeforeDummy,infeasible,867,5,46,6245,1.00
Lpr,Lpr-c-04,U_5R_best,relocateBeforeDummy,feasible,867,0,33,7504,1.00
Lpr,Lpr-c-04,U_5R_best,crossAtDummy,infeasible,867,294,129,7111,1.00
Lpr,Lpr-c-04,U_5R_best,crossAtDummy,feasible,867,0,6,508,1.00
Lpr,Lpr-c-04,U_5R_best,exchange,infeasible,867,10,9,154299,1.00
Lpr,Lpr-c-04,U_5R_best,exchange,feasible,867,2,13,218394,1.00
Lpr,Lpr-c-04,U_5R_best,cross,infeasible,867,54,718,111776,1.00
Lpr,Lpr-c-04,U_5R_best,cross,feasible,867,0,34,13686,1.00
Lpr,Lpr-c-04,IM_best,relocate,infeasible,867,187,271,394198,1.00
Lpr,Lpr-c-04,IM_best,relocate,feasible,867,3,82,40017,1.00
Lpr,Lpr-c-04,IM_best,exchange,infeasible,867,52,70,316776,1.00
Lpr,Lpr-c-04,IM_best,exchange,feasible,867,3,10,55820,1.00
Lpr,Lpr-c-04,IM_best,relocateBeforeDummy,infeasible,867,14,47,11685,1.00
Lpr,Lpr-c-04,IM_best,relocateBeforeDummy,feasible,867,0,1,1217,1.00
Lpr,Lpr-c-04,IM_best,crossAtDummy,infeasible,867,274,46,7224,1.00
Lpr,Lpr-c-04,IM_best,crossAtDummy,feasible,867,0,0,1,1.00
Lpr,Lpr-c-04,IM_best,cross,infeasible,867,97,710,124753,1.00
Lpr,Lpr-c-04,IM_best,cross,feasible,867,0,5,702,1.00
Lpr,Lpr-c-04,PS_5R_best,relocate,infeasible,867,158,298,393632,1.00
Lpr,Lpr-c-04,PS_5R_best,relocate,feasible,867,2,136,40529,1.00
Lpr,Lpr-c-04,PS_5R_best,relocateBeforeDummy,infeasible,867,62,90,11595,1.00
Lpr,Lpr-c-04,PS_5R_best,relocateBeforeDummy,feasible,867,1,7,1212,1.00
Lpr,Lpr-c-04,PS_5R_best,crossAtDummy,infeasible,867,303,113,7085,1.00
Lpr,Lpr-c-04,PS_5R_best,crossAtDummy,feasible,867,0,0,44,1.00
Lpr,Lpr-c-04,PS_5R_best,exchange,infeasible,867,52,53,314477,1.00
Lpr,Lpr-c-04,PS_5R_best,exchange,feasible,867,4,22,58115,1.00
Lpr,Lpr-c-04,PS_5R_best,cross,infeasible,867,60,710,124752,1.00
Lpr,Lpr-c-04,PS_5R_best,cross,feasible,867,0,2,743,1.00
Lpr,Lpr-c-05,IM_best,relocate,infeasible,1191,91,494,747682,1.00
Lpr,Lpr-c-05,IM_best,relocate,feasible,1191,3,182,204773,1.00
Lpr,Lpr-c-05,IM_best,exchange,infeasible,1191,24,88,441833,1.00
Lpr,Lpr-c-05,IM_best,exchange,feasible,1191,3,36,263367,1.00
Lpr,Lpr-c-05,IM_best,relocateBeforeDummy,infeasible,1191,2,35,21514,1.00
Lpr,Lpr-c-05,IM_best,relocateBeforeDummy,feasible,1191,0,8,5776,1.00
Lpr,Lpr-c-05,IM_best,crossAtDummy,infeasible,1191,551,64,17738,1.00
Lpr,Lpr-c-05,IM_best,crossAtDummy,feasible,1191,0,5,88,1.00
Lpr,Lpr-c-05,IM_best,cross,infeasible,1191,133,1506,312115,1.00
Lpr,Lpr-c-05,IM_best,cross,feasible,1191,0,35,7434,1.00
Lpr,Lpr-c-05,U_5R_best,relocate,infeasible,1191,57,470,751572,1.00
Lpr,Lpr-c-05,U_5R_best,relocate,feasible,1191,0,198,200924,1.00
Lpr,Lpr-c-05,U_5R_best,exchange,infeasible,1191,9,48,465651,1.00
Lpr,Lpr-c-05,U_5R_best,exchange,feasible,1191,0,26,239578,1.00
Lpr,Lpr-c-05,U_5R_best,relocateBeforeDummy,infeasible,1191,17,78,21392,1.00
Lpr,Lpr-c-05,U_5R_best,relocateBeforeDummy,feasible,1191,0,22,5830,1.00
Lpr,Lpr-c-05,U_5R_best,crossAtDummy,infeasible,1191,587,256,17404,1.00
Lpr,Lpr-c-05,U_5R_best,crossAtDummy,feasible,1191,0,7,192,1.00
Lpr,Lpr-c-05,U_5R_best,cross,infeasible,1191,167,1699,312165,1.00
Lpr,Lpr-c-05,U_5R_best,cross,feasible,1191,0,21,7171,1.00
Lpr,Lpr-c-05,PS_5R_best,relocate,infeasible,1191,54,495,761709,1.00
Lpr,Lpr-c-05,PS_5R_best,relocate,feasible,1191,0,161,190799,1.00
Lpr,Lpr-c-05,PS_5R_best,relocateBeforeDummy,infeasible,1191,28,85,21449,1.00
Lpr,Lpr-c-05,PS_5R_best,relocateBeforeDummy,feasible,1191,1,20,5759,1.00
Lpr,Lpr-c-05,PS_5R_best,crossAtDummy,infeasible,1191,618,214,17325,1.00
Lpr,Lpr-c-05,PS_5R_best,crossAtDummy,feasible,1191,0,1,288,1.00
Lpr,Lpr-c-05,PS_5R_best,exchange,infeasible,1191,25,68,506598,1.00
Lpr,Lpr-c-05,PS_5R_best,exchange,feasible,1191,2,35,198585,1.00
Lpr,Lpr-c-05,PS_5R_best,cross,infeasible,1191,114,1617,312567,1.00
Lpr,Lpr-c-05,PS_5R_best,cross,feasible,1191,0,27,6898,1.00
eglese,egl-e1-A,U_5R_best,relocate,infeasible,103,6,36,3182,1.00
eglese,egl-e1-A,U_5R_best,relocate,feasible,103,0,27,1757,1.00
eglese,egl-e1-A,U_5R_best,relocateBeforeDummy,infeasible,103,3,15,278,1.00
eglese,egl-e1-A,U_5R_best,relocateBeforeDummy,feasible,103,3,24,177,1.00
eglese,egl-e1-A,U_5R_best,crossAtDummy,infeasible,103,27,32,184,1.00
eglese,egl-e1-A,U_5R_best,crossAtDummy,feasible,103,0,0,7,1.00
eglese,egl-e1-A,U_5R_best,exchange,infeasible,103,0,8,3108,1.00
eglese,egl-e1-A,U_5R_best,exchange,feasible,103,0,3,1797,1.00
eglese,egl-e1-A,U_5R_best,cross,infeasible,103,8,59,1108,1.00
eglese,egl-e1-A,U_5R_best,cross,feasible,103,0,1,53,1.00
eglese,egl-e1-A,PS_5R_best,relocate,infeasible,103,11,30,2971,1.00
eglese,egl-e1-A,PS_5R_best,relocate,feasible,103,0,12,1984,1.00
eglese,egl-e1-A,PS_5R_best,exchange,infeasible,103,1,5,2274,1.00
eglese,egl-e1-A,PS_5R_best,exchange,feasible,103,0,2,2634,1.00
eglese,egl-e1-A,PS_5R_best,relocateBeforeDummy,infeasible,103,1,28,291,1.00
eglese,egl-e1-A,PS_5R_best,relocateBeforeDummy,feasible,103,3,16,161,1.00
eglese,egl-e1-A,PS_5R_best,crossAtDummy,infeasible,103,31,38,173,1.00
eglese,egl-e1-A,PS_5R_best,crossAtDummy,feasible,103,0,2,6,1.00
eglese,egl-e1-A,PS_5R_best,cross,infeasible,103,2,47,1098,1.00
eglese,egl-e1-A,PS_5R_best,cross,feasible,103,0,1,81,1.00
eglese,egl-e1-A,IM_best,relocate,infeasible,103,2,50,3204,1.00
eglese,egl-e1-A,IM_best,relocate,feasible,103,0,26,1726,1.00
eglese,egl-e1-A,IM_best,relocateBeforeDummy,infeasible,103,2,23,289,1.00
eglese,egl-e1-A,IM_best,relocateBeforeDummy,feasible,103,0,3,183,1.00
eglese,egl-e1-A,IM_best,crossAtDummy,infeasible,103,31,16,197,1.00
eglese,egl-e1-A,IM_best,crossAtDummy,feasible,103,0,0,6,1.00
eglese,egl-e1-A,IM_best,exchange,infeasible,103,0,21,2783,1.00
eglese,egl-e1-A,IM_best,exchange,feasible,103,2,11,2099,1.00
eglese,egl-e1-A,IM_best,cross,infeasible,103,14,56,1093,1.00
eglese,egl-e1-A,IM_best,cross,feasible,103,0,3,63,1.00
eglese,egl-e1-B,U_5R_best,relocate,infeasible,103,11,62,3539,1.00
eglese,egl-e1-B,U_5R_best,relocate,feasible,103,1,8,1391,1.00
eglese,egl-e1-B,U_5R_best,relocateBeforeDummy,infeasible,103,13,54,423,1.00
eglese,egl-e1-B,U_5R_best,relocateBeforeDummy,feasible,103,0,14,196,1.00
eglese,egl-e1-B,U_5R_best,crossAtDummy,infeasible,103,48,53,238,1.00
eglese,egl-e1-B,U_5R_best,crossAtDummy,feasible,103,0,0,11,1.00
eglese,egl-e1-B,U_5R_best,exchange,infeasible,103,0,2,3086,1.00
eglese,egl-e1-B,U_5R_best,exchange,feasible,103,0,8,1828,1.00
eglese,egl-e1-B,U_5R_best,cross,infeasible,103,3,67,1075,1.00
eglese,egl-e1-B,U_5R_best,cross,feasible,103,0,3,83,1.00
eglese,egl-e1-B,IM_best,relocate,infeasible,103,2,63,3631,1.00
eglese,egl-e1-B,IM_best,relocate,feasible,103,2,31,1283,1.00
eglese,egl-e1-B,IM_best,relocateBeforeDummy,infeasible,103,4,32,450,1.00
eglese,egl-e1-B,IM_best,relocateBeforeDummy,feasible,103,0,5,209,1.00
eglese,egl-e1-B,IM_best,crossAtDummy,infeasible,103,51,30,263,1.00
eglese,egl-e1-B,IM_best,crossAtDummy,feasible,103,0,2,4,1.00
eglese,egl-e1-B,IM_best,exchange,infeasible,103,0,9,3439,1.00
eglese,egl-e1-B,IM_best,exchange,feasible,103,0,9,1467,1.00
eglese,egl-e1-B,IM_best,cross,infeasible,103,19,92,1045,1.00
eglese,egl-e1-B,IM_best,cross,feasible,103,0,1,74,1.00
eglese,egl-e1-C,PS_5R_best,relocate,infeasible,103,49,90,3911,1.00
eglese,egl-e1-C,PS_5R_best,relocate,feasible,103,0,22,946,1.00
eglese,egl-e1-C,PS_5R_best,relocateBeforeDummy,infeasible,103,39,70,637,1.00
eglese,egl-e1-C,PS_5R_best,relocateBeforeDummy,feasible,103,0,14,240,1.00
eglese,egl-e1-C,PS_5R_best,crossAtDummy,infeasible,103,107,65,297,1.00
eglese,egl-e1-C,PS_5R_best,crossAtDummy,feasible,103,0,0,31,1.00
eglese,egl-e1-C,PS_5R_best,exchange,infeasible,103,1,31,3748,1.00
eglese,egl-e1-C,PS_5R_best,exchange,feasible,103,0,18,1138,1.00
eglese,egl-e1-C,PS_5R_best,cross,infeasible,103,11,114,1026,1.00
eglese,egl-e1-C,PS_5R_best,cross,feasible,103,0,7,76,1.00
eglese,egl-e1-C,IM_best,relocate,infeasible,103,29,89,4194,1.00
eglese,egl-e1-C,IM_best,relocate,feasible,103,0,17,689,1.00
eglese,egl-e1-C,IM_best,relocateBeforeDummy,infeasible,103,18,71,691,1.00
eglese,egl-e1-C,IM_best,relocateBeforeDummy,feasible,103,0,5,215,1.00
eglese,egl-e1-C,IM_best,crossAtDummy,infeasible,103,108,50,307,1.00
eglese,egl-e1-C,IM_best,crossAtDummy,feasible,103,0,3,32,1.00
eglese,egl-e1-C,IM_best,exchange,infeasible,103,13,24,4055,1.00
eglese,egl-e1-C,IM_best,exchange,feasible,103,0,7,837,1.00
eglese,egl-e1-C,IM_best,cross,infeasible,103,36,102,1052,1.00
eglese,egl-e1-C,IM_best,cross,feasible,103,0,1,43,1.00
eglese,egl-e1-C,U_5R_best,relocate,infeasible,103,22,83,3539,1.00
eglese,egl-e1-C,U_5R_best,relocate,feasible,103,0,24,1350,1.00
eglese,egl-e1-C,U_5R_best,relocateBeforeDummy,infeasible,103,19,62,605,1.00
eglese,egl-e1-C,U_5R_best,relocateBeforeDummy,feasible,103,0,19,295,1.00
eglese,egl-e1-C,U_5R_best,crossAtDummy,infeasible,103,91,62,318,1.00
eglese,egl-e1-C,U_5R_best,crossAtDummy,feasible,103,0,4,25,1.00
eglese,egl-e1-C,U_5R_best,exchange,infeasible,103,2,9,3317,1.00
eglese,egl-e1-C,U_5R_best,exchange,feasible,103,0,6,1602,1.00
eglese,egl-e1-C,U_5R_best,cross,infeasible,103,33,98,978,1.00
eglese,egl-e1-C,U_5R_best,cross,feasible,103,0,1,124,1.00
eglese,egl-e2-A,U_5R_best,relocate,infeasible,145,9,58,6293,1.00
eglese,egl-e2-A,U_5R_best,relocate,feasible,145,2,37,3695,1.00
eglese,egl-e2-A,U_5R_best,relocateBeforeDummy,infeasible,145,9,35,612,1.00
eglese,egl-e2-A,U_5R_best,relocateBeforeDummy,feasible,145,0,18,320,1.00
eglese,egl-e2-A,U_5R_best,crossAtDummy,infeasible,145,55,47,380,1.00
eglese,egl-e2-A,U_5R_best,crossAtDummy,feasible,145,0,4,11,1.00
eglese,egl-e2-A,U_5R_best,exchange,infeasible,145,0,13,5099,1.00
eglese,egl-e2-A,U_5R_best,exchange,feasible,145,0,16,4836,1.00
eglese,egl-e2-A,U_5R_best,cross,infeasible,145,16,101,2190,1.00
eglese,egl-e2-A,U_5R_best,cross,feasible,145,0,4,180,1.00
eglese,egl-e2-A,IM_best,relocate,infeasible,145,3,70,7327,1.00
eglese,egl-e2-A,IM_best,relocate,feasible,145,0,23,2671,1.00
eglese,egl-e2-A,IM_best,exchange,infeasible,145,6,12,7098,1.00
eglese,egl-e2-A,IM_best,exchange,feasible,145,0,11,2837,1.00
eglese,egl-e2-A,IM_best,relocateBeforeDummy,infeasible,145,0,48,634,1.00
eglese,egl-e2-A,IM_best,relocateBeforeDummy,feasible,145,0,8,304,1.00
eglese,egl-e2-A,IM_best,crossAtDummy,infeasible,145,61,44,369,1.00
eglese,egl-e2-A,IM_best,crossAtDummy,feasible,145,0,0,23,1.00
eglese,egl-e2-A,IM_best,cross,infeasible,145,9,97,2272,1.00
eglese,egl-e2-A,IM_best,cross,feasible,145,0,0,113,1.00
eglese,egl-e2-A,PS_5R_best,cross,infeasible,145,3,83,2212,1.00
eglese,egl-e2-A,PS_5R_best,cross,feasible,145,0,7,186,1.00
eglese,egl-e2-A,PS_5R_best,relocate,infeasible,145,6,48,6270,1.00
eglese,egl-e2-A,PS_5R_best,relocate,feasible,145,0,27,3743,1.00
eglese,egl-e2-A,PS_5R_best,relocateBeforeDummy,infeasible,145,11,54,595,1.00
eglese,egl-e2-A,PS_5R_best,relocateBeforeDummy,feasible,145,3,41,290,1.00
eglese,egl-e2-A,PS_5R_best,crossAtDummy,infeasible,145,56,94,329,1.00
eglese,egl-e2-A,PS_5R_best,crossAtDummy,feasible,145,0,0,18,1.00
eglese,egl-e2-A,PS_5R_best,exchange,infeasible,145,5,5,5006,1.00
eglese,egl-e2-A,PS_5R_best,exchange,feasible,145,0,7,4941,1.00
eglese,egl-e2-B,PS_5R_best,relocate,infeasible,145,17,89,6874,1.00
eglese,egl-e2-B,PS_5R_best,relocate,feasible,145,0,31,3089,1.00
eglese,egl-e2-B,PS_5R_best,relocateBeforeDummy,infeasible,145,9,67,868,1.00
eglese,egl-e2-B,PS_5R_best,relocateBeforeDummy,feasible,145,1,38,437,1.00
eglese,egl-e2-B,PS_5R_best,crossAtDummy,infeasible,145,111,91,468,1.00
eglese,egl-e2-B,PS_5R_best,crossAtDummy,feasible,145,0,1,39,1.00
eglese,egl-e2-B,PS_5R_best,exchange,infeasible,145,2,10,6248,1.00
eglese,egl-e2-B,PS_5R_best,exchange,feasible,145,0,12,3704,1.00
eglese,egl-e2-B,PS_5R_best,cross,infeasible,145,21,147,2107,1.00
eglese,egl-e2-B,PS_5R_best,cross,feasible,145,0,4,215,1.00
eglese,egl-e2-B,IM_best,relocate,infeasible,145,53,107,7730,1.00
eglese,egl-e2-B,IM_best,relocate,feasible,145,0,33,2177,1.00
eglese,egl-e2-B,IM_best,relocateBeforeDummy,infeasible,145,29,73,944,1.00
eglese,egl-e2-B,IM_best,relocateBeforeDummy,feasible,145,0,11,363,1.00
eglese,egl-e2-B,IM_best,crossAtDummy,infeasible,145,106,61,502,1.00
eglese,egl-e2-B,IM_best,crossAtDummy,feasible,145,0,4,37,1.00
eglese,egl-e2-B,IM_best,exchange,infeasible,145,9,22,7313,1.00
eglese,egl-e2-B,IM_best,exchange,feasible,145,0,23,2609,1.00
eglese,egl-e2-B,IM_best,cross,infeasible,145,32,137,2174,1.00
eglese,egl-e2-B,IM_best,cross,feasible,145,0,0,151,1.00
eglese,egl-e2-C,IM_best,relocate,infeasible,145,38,196,8248,1.00
eglese,egl-e2-C,IM_best,relocate,feasible,145,0,30,1596,1.00
eglese,egl-e2-C,IM_best,relocateBeforeDummy,infeasible,145,28,130,1484,1.00
eglese,egl-e2-C,IM_best,relocateBeforeDummy,feasible,145,0,10,336,1.00
eglese,egl-e2-C,IM_best,crossAtDummy,infeasible,145,210,98,654,1.00
eglese,egl-e2-C,IM_best,crossAtDummy,feasible,145,0,0,32,1.00
eglese,egl-e2-C,IM_best,exchange,infeasible,145,19,45,7516,1.00
eglese,egl-e2-C,IM_best,exchange,feasible,145,0,18,2394,1.00
eglese,egl-e2-C,IM_best,cross,infeasible,145,73,189,2076,1.00
eglese,egl-e2-C,IM_best,cross,feasible,145,0,1,159,1.00
eglese,egl-e2-C,U_5R_best,relocate,infeasible,145,44,143,6849,1.00
eglese,egl-e2-C,U_5R_best,relocate,feasible,145,0,44,3030,1.00
eglese,egl-e2-C,U_5R_best,relocateBeforeDummy,infeasible,145,31,103,1192,1.00
eglese,egl-e2-C,U_5R_best,relocateBeforeDummy,feasible,145,1,49,754,1.00
eglese,egl-e2-C,U_5R_best,crossAtDummy,infeasible,145,217,114,641,1.00
eglese,egl-e2-C,U_5R_best,crossAtDummy,feasible,145,0,9,84,1.00
eglese,egl-e2-C,U_5R_best,exchange,infeasible,145,11,16,6461,1.00
eglese,egl-e2-C,U_5R_best,exchange,feasible,145,0,18,3490,1.00
eglese,egl-e2-C,U_5R_best,cross,infeasible,145,36,210,1970,1.00
eglese,egl-e2-C,U_5R_best,cross,feasible,145,0,3,280,1.00
eglese,egl-e2-C,PS_5R_best,relocate,infeasible,145,82,173,8221,1.00
eglese,egl-e2-C,PS_5R_best,relocate,feasible,145,0,19,1613,1.00
eglese,egl-e2-C,PS_5R_best,exchange,infeasible,145,27,21,7900,1.00
eglese,egl-e2-C,PS_5R_best,exchange,feasible,145,0,22,2022,1.00
eglese,egl-e2-C,PS_5R_best,relocateBeforeDummy,infeasible,145,44,172,1408,1.00
eglese,egl-e2-C,PS_5R_best,relocateBeforeDummy,feasible,145,2,42,320,1.00
eglese,egl-e2-C,PS_5R_best,crossAtDummy,infeasible,145,237,138,586,1.00
eglese,egl-e2-C,PS_5R_best,crossAtDummy,feasible,145,0,1,32,1.00
eglese,egl-e2-C,PS_5R_best,cross,infeasible,145,34,221,2107,1.00
eglese,egl-e2-C,PS_5R_best,cross,feasible,145,0,3,133,1.00
eglese,egl-e3-A,IM_best,relocate,infeasible,175,4,100,11312,1.00
eglese,egl-e3-A,IM_best,relocate,feasible,175,1,47,3342,1.00
eglese,egl-e3-A,IM_best,relocateBeforeDummy,infeasible,175,3,44,999,1.00
eglese,egl-e3-A,IM_best,relocateBeforeDummy,feasible,175,0,7,323,1.00
eglese,egl-e3-A,IM_best,crossAtDummy,infeasible,175,68,42,562,1.00
eglese,egl-e3-A,IM_best,crossAtDummy,feasible,175,0,1,15,1.00
eglese,egl-e3-A,IM_best,exchange,infeasible,175,2,18,10860,1.00
eglese,egl-e3-A,IM_best,exchange,feasible,175,0,25,3743,1.00
eglese,egl-e3-A,IM_best,cross,infeasible,175,42,120,3372,1.00
eglese,egl-e3-A,IM_best,cross,feasible,175,0,6,122,1.00
eglese,egl-e3-A,PS_5R_best,relocate,infeasible,175,18,106,11220,1.00
eglese,egl-e3-A,PS_5R_best,relocate,feasible,175,0,27,3435,1.00
eglese,egl-e3-A,PS_5R_best,exchange,infeasible,175,12,20,10592,1.00
eglese,egl-e3-A,PS_5R_best,exchange,feasible,175,0,10,4014,1.00
eglese,egl-e3-A,PS_5R_best,relocateBeforeDummy,infeasible,175,2,65,985,1.00
eglese,egl-e3-A,PS_5R_best,relocateBeforeDummy,feasible,175,0,26,298,1.00
eglese,egl-e3-A,PS_5R_best,crossAtDummy,infeasible,175,67,85,525,1.00
eglese,egl-e3-A,PS_5R_best,crossAtDummy,feasible,175,0,0,11,1.00
eglese,egl-e3-A,PS_5R_best,cross,infeasible,175,14,134,3377,1.00
eglese,egl-e3-A,PS_5R_best,cross,feasible,175,0,0,137,1.00
eglese,egl-e3-A,U_5R_best,relocate,infeasible,175,6,76,10798,1.00
eglese,egl-e3-A,U_5R_best,relocate,feasible,175,1,43,3882,1.00
eglese,egl-e3-A,U_5R_best,relocateBeforeDummy,infeasible,175,4,63,963,1.00
eglese,egl-e3-A,U_5R_best,relocateBeforeDummy,feasible,175,0,25,321,1.00
eglese,egl-e3-A,U_5R_best,crossAtDummy,infeasible,175,89,72,522,1.00
eglese,egl-e3-A,U_5R_best,crossAtDummy,feasible,175,0,0,5,1.00
eglese,egl-e3-A,U_5R_best,exchange,infeasible,175,0,13,9607,1.00
eglese,egl-e3-A,U_5R_best,exchange,feasible,175,3,24,5001,1.00
eglese,egl-e3-A,U_5R_best,cross,infeasible,175,12,132,3342,1.00
eglese,egl-e3-A,U_5R_best,cross,feasible,175,0,7,169,1.00
eglese,egl-e3-B,IM_best,relocate,infeasible,175,30,170,11770,1.00
eglese,egl-e3-B,IM_best,relocate,feasible,175,1,39,2804,1.00
eglese,egl-e3-B,IM_best,relocateBeforeDummy,infeasible,175,25,125,1414,1.00
eglese,egl-e3-B,IM_best,relocateBeforeDummy,feasible,175,0,6,494,1.00
eglese,egl-e3-B,IM_best,crossAtDummy,infeasible,175,173,75,767,1.00
eglese,egl-e3-B,IM_best,crossAtDummy,feasible,175,0,0,17,1.00
eglese,egl-e3-B,IM_best,exchange,infeasible,175,9,29,11358,1.00
eglese,egl-e3-B,IM_best,exchange,feasible,175,0,15,3253,1.00
eglese,egl-e3-B,IM_best,cross,infeasible,175,33,190,3251,1.00
eglese,egl-e3-B,IM_best,cross,feasible,175,0,6,186,1.00
eglese,egl-e3-B,PS_5R_best,relocate,infeasible,175,29,138,11365,1.00
eglese,egl-e3-B,PS_5R_best,relocate,feasible,175,0,36,3246,1.00
eglese,egl-e3-B,PS_5R_best,relocateBeforeDummy,infeasible,175,14,111,1425,1.00
eglese,egl-e3-B,PS_5R_best,relocateBeforeDummy,feasible,175,2,32,480,1.00
eglese,egl-e3-B,PS_5R_best,crossAtDummy,infeasible,175,168,124,688,1.00
eglese,egl-e3-B,PS_5R_best,crossAtDummy,feasible,175,0,1,51,1.00
eglese,egl-e3-B,PS_5R_best,exchange,infeasible,175,9,21,10434,1.00
eglese,egl-e3-B,PS_5R_best,exchange,feasible,175,1,20,4179,1.00
eglese,egl-e3-B,PS_5R_best,cross,infeasible,175,20,212,3203,1.00
eglese,egl-e3-B,PS_5R_best,cross,feasible,175,0,4,227,1.00
eglese,egl-e3-B,U_5R_best,cross,infeasible,175,20,212,3198,1.00
eglese,egl-e3-B,U_5R_best,cross,feasible,175,0,5,231,1.00
eglese,egl-e3-B,U_5R_best,relocate,infeasible,175,37,141,11066,1.00
eglese,egl-e3-B,U_5R_best,relocate,feasible,175,0,29,3541,1.00
eglese,egl-e3-B,U_5R_best,relocateBeforeDummy,infeasible,175,19,90,1453,1.00
eglese,egl-e3-B,U_5R_best,relocateBeforeDummy,feasible,175,0,23,479,1.00
eglese,egl-e3-B,U_5R_best,crossAtDummy,infeasible,175,165,104,725,1.00
eglese,egl-e3-B,U_5R_best,crossAtDummy,feasible,175,0,0,38,1.00
eglese,egl-e3-B,U_5R_best,exchange,infeasible,175,9,19,9904,1.00
eglese,egl-e3-B,U_5R_best,exchange,feasible,175,1,22,4709,1.00
eglese,egl-e3-C,U_5R_best,relocate,infeasible,175,139,206,11139,1.00
eglese,egl-e3-C,U_5R_best,relocate,feasible,175,0,58,3284,1.00
eglese,egl-e3-C,U_5R_best,relocateBeforeDummy,infeasible,175,94,166,1908,1.00
eglese,egl-e3-C,U_5R_best,relocateBeforeDummy,feasible,175,1,50,877,1.00
eglese,egl-e3-C,U_5R_best,crossAtDummy,infeasible,175,335,150,986,1.00
eglese,egl-e3-C,U_5R_best,crossAtDummy,feasible,175,0,7,70,1.00
eglese,egl-e3-C,U_5R_best,exchange,infeasible,175,18,38,10656,1.00
eglese,egl-e3-C,U_5R_best,exchange,feasible,175,2,23,3951,1.00
eglese,egl-e3-C,U_5R_best,cross,infeasible,175,48,296,2941,1.00
eglese,egl-e3-C,U_5R_best,cross,feasible,175,0,10,377,1.00
eglese,egl-e3-C,PS_5R_best,relocate,infeasible,175,104,212,11928,1.00
eglese,egl-e3-C,PS_5R_best,relocate,feasible,175,0,33,2547,1.00
eglese,egl-e3-C,PS_5R_best,relocateBeforeDummy,infeasible,175,48,178,2134,1.00
eglese,egl-e3-C,PS_5R_best,relocateBeforeDummy,feasible,175,0,40,524,1.00
eglese,egl-e3-C,PS_5R_best,crossAtDummy,infeasible,175,353,146,892,1.00
eglese,egl-e3-C,PS_5R_best,crossAtDummy,feasible,175,0,2,69,1.00
eglese,egl-e3-C,PS_5R_best,exchange,infeasible,175,29,53,11074,1.00
eglese,egl-e3-C,PS_5R_best,exchange,feasible,175,0,41,3487,1.00
eglese,egl-e3-C,PS_5R_best,cross,infeasible,175,24,302,3113,1.00
eglese,egl-e3-C,PS_5R_best,cross,feasible,175,0,11,221,1.00
eglese,egl-e3-C,IM_best,relocate,infeasible,175,25,217,12322,1.00
eglese,egl-e3-C,IM_best,relocate,feasible,175,2,37,2221,1.00
eglese,egl-e3-C,IM_best,relocateBeforeDummy,infeasible,175,15,147,2272,1.00
eglese,egl-e3-C,IM_best,relocateBeforeDummy,feasible,175,0,19,471,1.00
eglese,egl-e3-C,IM_best,crossAtDummy,infeasible,175,356,86,991,1.00
eglese,egl-e3-C,IM_best,crossAtDummy,feasible,175,0,2,27,1.00
eglese,egl-e3-C,IM_best,exchange,infeasible,175,12,66,11266,1.00
eglese,egl-e3-C,IM_best,exchange,feasible,175,1,26,3313,1.00
eglese,egl-e3-C,IM_best,cross,infeasible,175,74,298,3060,1.00
eglese,egl-e3-C,IM_best,cross,feasible,175,0,4,235,1.00
eglese,egl-e4-A,PS_5R_best,relocate,infeasible,197,5,70,13791,1.00
eglese,egl-e4-A,PS_5R_best,relocate,feasible,197,0,46,4922,1.00
eglese,egl-e4-A,PS_5R_best,relocateBeforeDummy,infeasible,197,2,65,1205,1.00
eglese,egl-e4-A,PS_5R_best,relocateBeforeDummy,feasible,197,2,43,429,1.00
eglese,egl-e4-A,PS_5R_best,crossAtDummy,infeasible,197,97,105,662,1.00
eglese,egl-e4-A,PS_5R_best,crossAtDummy,feasible,197,0,2,7,1.00
eglese,egl-e4-A,PS_5R_best,exchange,infeasible,197,0,10,12594,1.00
eglese,egl-e4-A,PS_5R_best,exchange,feasible,197,0,14,6038,1.00
eglese,egl-e4-A,PS_5R_best,cross,infeasible,197,4,147,4319,1.00
eglese,egl-e4-A,PS_5R_best,cross,feasible,197,0,3,191,1.00
eglese,egl-e4-A,U_5R_best,relocate,infeasible,197,10,109,14219,1.00
eglese,egl-e4-A,U_5R_best,relocate,feasible,197,3,47,4446,1.00
eglese,egl-e4-A,U_5R_best,relocateBeforeDummy,infeasible,197,10,84,1200,1.00
eglese,egl-e4-A,U_5R_best,relocateBeforeDummy,feasible,197,1,21,430,1.00
eglese,egl-e4-A,U_5R_best,crossAtDummy,infeasible,197,114,86,665,1.00
eglese,egl-e4-A,U_5R_best,crossAtDummy,feasible,197,0,0,8,1.00
eglese,egl-e4-A,U_5R_best,exchange,infeasible,197,3,11,12722,1.00
eglese,egl-e4-A,U_5R_best,exchange,feasible,197,2,26,5892,1.00
eglese,egl-e4-A,U_5R_best,cross,infeasible,197,15,149,4304,1.00
eglese,egl-e4-A,U_5R_best,cross,feasible,197,0,7,189,1.00
eglese,egl-e4-B,PS_5R_best,relocate,infeasible,197,29,186,15913,1.00
eglese,egl-e4-B,PS_5R_best,relocate,feasible,197,0,34,2682,1.00
eglese,egl-e4-B,PS_5R_best,relocateBeforeDummy,infeasible,197,15,132,2125,1.00
eglese,egl-e4-B,PS_5R_best,relocateBeforeDummy,feasible,197,0,26,418,1.00
eglese,egl-e4-B,PS_5R_best,crossAtDummy,infeasible,197,211,144,985,1.00
eglese,egl-e4-B,PS_5R_best,crossAtDummy,feasible,197,0,1,17,1.00
eglese,egl-e4-B,PS_5R_best,exchange,infeasible,197,9,42,15025,1.00
eglese,egl-e4-B,PS_5R_best,exchange,feasible,197,0,10,3590,1.00
eglese,egl-e4-B,PS_5R_best,cross,infeasible,197,14,276,4198,1.00
eglese,egl-e4-B,PS_5R_best,cross,feasible,197,0,0,181,1.00
eglese,egl-e4-B,U_5R_best,relocate,infeasible,197,58,143,13509,1.00
eglese,egl-e4-B,U_5R_best,relocate,feasible,197,0,71,5065,1.00
eglese,egl-e4-B,U_5R_best,relocateBeforeDummy,infeasible,197,37,116,1775,1.00
eglese,egl-e4-B,U_5R_best,relocateBeforeDummy,feasible,197,0,35,947,1.00
eglese,egl-e4-B,U_5R_best,crossAtDummy,infeasible,197,245,103,1004,1.00
eglese,egl-e4-B,U_5R_best,crossAtDummy,feasible,197,0,7,96,1.00
eglese,egl-e4-B,U_5R_best,exchange,infeasible,197,13,15,12484,1.00
eglese,egl-e4-B,U_5R_best,exchange,feasible,197,0,28,6140,1.00
eglese,egl-e4-B,U_5R_best,cross,infeasible,197,33,239,3962,1.00
eglese,egl-e4-B,U_5R_best,cross,feasible,197,0,7,429,1.00
eglese,egl-e4-C,U_5R_best,relocate,infeasible,197,87,264,15203,1.00
eglese,egl-e4-C,U_5R_best,relocate,feasible,197,1,56,3245,1.00
eglese,egl-e4-C,U_5R_best,exchange,infeasible,197,36,71,13957,1.00
eglese,egl-e4-C,U_5R_best,exchange,feasible,197,0,23,4613,1.00
eglese,egl-e4-C,U_5R_best,relocateBeforeDummy,infeasible,197,64,224,2764,1.00
eglese,egl-e4-C,U_5R_best,relocateBeforeDummy,feasible,197,0,50,778,1.00
eglese,egl-e4-C,U_5R_best,crossAtDummy,infeasible,197,459,174,1221,1.00
eglese,egl-e4-C,U_5R_best,crossAtDummy,feasible,197,0,4,82,1.00
eglese,egl-e4-C,U_5R_best,cross,infeasible,197,46,377,3924,1.00
eglese,egl-e4-C,U_5R_best,cross,feasible,197,0,17,311,1.00
eglese,egl-e4-C,PS_5R_best,cross,infeasible,197,23,369,3933,1.00
eglese,egl-e4-C,PS_5R_best,cross,feasible,197,0,10,340,1.00
eglese,egl-e4-C,PS_5R_best,relocate,infeasible,197,59,233,15550,1.00
eglese,egl-e4-C,PS_5R_best,relocate,feasible,197,0,28,2986,1.00
eglese,egl-e4-C,PS_5R_best,relocateBeforeDummy,infeasible,197,46,227,2905,1.00
eglese,egl-e4-C,PS_5R_best,relocateBeforeDummy,feasible,197,0,48,654,1.00
eglese,egl-e4-C,PS_5R_best,crossAtDummy,infeasible,197,456,171,1226,1.00
eglese,egl-e4-C,PS_5R_best,crossAtDummy,feasible,197,0,5,82,1.00
eglese,egl-e4-C,PS_5R_best,exchange,infeasible,197,18,57,14209,1.00
eglese,egl-e4-C,PS_5R_best,exchange,feasible,197,0,21,4395,1.00
eglese,egl-e4-C,IM_best,relocate,infeasible,197,90,222,15512,1.00
eglese,egl-e4-C,IM_best,relocate,feasible,197,0,66,2966,1.00
eglese,egl-e4-C,IM_best,relocateBeforeDummy,infeasible,197,58,142,3000,1.00
eglese,egl-e4-C,IM_best,relocateBeforeDummy,feasible,197,0,30,650,1.00
eglese,egl-e4-C,IM_best,crossAtDummy,infeasible,197,468,107,1286,1.00
eglese,egl-e4-C,IM_best,crossAtDummy,feasible,197,0,6,73,1.00
eglese,egl-e4-C,IM_best,exchange,infeasible,197,27,60,13973,1.00
eglese,egl-e4-C,IM_best,exchange,feasible,197,2,26,4612,1.00
eglese,egl-e4-C,IM_best,cross,infeasible,197,83,384,3821,1.00
eglese,egl-e4-C,IM_best,cross,feasible,197,0,17,370,1.00
eglese,egl-s1-A,IM_best,relocate,infeasible,151,10,68,7700,1.00
eglese,egl-s1-A,IM_best,relocate,feasible,151,0,31,3155,1.00
eglese,egl-s1-A,IM_best,relocateBeforeDummy,infeasible,151,5,42,619,1.00
eglese,egl-s1-A,IM_best,relocateBeforeDummy,feasible,151,0,7,363,1.00
eglese,egl-s1-A,IM_best,crossAtDummy,infeasible,151,58,42,393,1.00
eglese,egl-s1-A,IM_best,crossAtDummy,feasible,151,0,1,24,1.00
eglese,egl-s1-A,IM_best,exchange,infeasible,151,5,18,7505,1.00
eglese,egl-s1-A,IM_best,exchange,feasible,151,0,6,3294,1.00
eglese,egl-s1-A,IM_best,cross,infeasible,151,39,88,2413,1.00
eglese,egl-s1-A,IM_best,cross,feasible,151,0,3,164,1.00
eglese,egl-s1-A,PS_5R_best,relocate,infeasible,151,14,70,6858,1.00
eglese,egl-s1-A,PS_5R_best,relocate,feasible,151,0,19,4003,1.00
eglese,egl-s1-A,PS_5R_best,relocateBeforeDummy,infeasible,151,20,66,518,1.00
eglese,egl-s1-A,PS_5R_best,relocateBeforeDummy,feasible,151,0,15,417,1.00
eglese,egl-s1-A,PS_5R_best,crossAtDummy,infeasible,151,78,77,347,1.00
eglese,egl-s1-A,PS_5R_best,crossAtDummy,feasible,151,0,0,16,1.00
eglese,egl-s1-A,PS_5R_best,exchange,infeasible,151,3,2,6087,1.00
eglese,egl-s1-A,PS_5R_best,exchange,feasible,151,0,4,4732,1.00
eglese,egl-s1-A,PS_5R_best,cross,infeasible,151,18,98,2365,1.00
eglese,egl-s1-A,PS_5R_best,cross,feasible,151,0,2,224,1.00
eglese,egl-s1-A,U_5R_best,relocate,infeasible,151,22,62,6912,1.00
eglese,egl-s1-A,U_5R_best,relocate,feasible,151,0,15,3953,1.00
eglese,egl-s1-A,U_5R_best,exchange,infeasible,151,2,5,5853,1.00
eglese,egl-s1-A,U_5R_best,exchange,feasible,151,1,3,4964,1.00
eglese,egl-s1-A,U_5R_best,relocateBeforeDummy,infeasible,151,11,53,572,1.00
eglese,egl-s1-A,U_5R_best,relocateBeforeDummy,feasible,151,1,18,381,1.00
eglese,egl-s1-A,U_5R_best,crossAtDummy,infeasible,151,64,72,357,1.00
eglese,egl-s1-A,U_5R_best,crossAtDummy,feasible,151,0,0,25,1.00
eglese,egl-s1-A,U_5R_best,cross,infeasible,151,19,106,2347,1.00
eglese,egl-s1-A,U_5R_best,cross,feasible,151,0,0,235,1.00
eglese,egl-s1-B,IM_best,relocate,infeasible,151,24,114,8536,1.00
eglese,egl-s1-B,IM_best,relocate,feasible,151,0,33,2263,1.00
eglese,egl-s1-B,IM_best,relocateBeforeDummy,infeasible,151,19,71,992,1.00
eglese,egl-s1-B,IM_best,relocateBeforeDummy,feasible,151,0,6,392,1.00
eglese,egl-s1-B,IM_best,crossAtDummy,infeasible,151,123,63,508,1.00
eglese,egl-s1-B,IM_best,crossAtDummy,feasible,151,0,0,46,1.00
eglese,egl-s1-B,IM_best,exchange,infeasible,151,4,25,7819,1.00
eglese,egl-s1-B,IM_best,exchange,feasible,151,0,19,2973,1.00
eglese,egl-s1-B,IM_best,cross,infeasible,151,63,131,2301,1.00
eglese,egl-s1-B,IM_best,cross,feasible,151,0,5,210,1.00
eglese,egl-s1-B,U_5R_best,relocate,infeasible,151,42,106,8342,1.00
eglese,egl-s1-B,U_5R_best,relocate,feasible,151,0,28,2452,1.00
eglese,egl-s1-B,U_5R_best,relocateBeforeDummy,infeasible,151,26,84,954,1.00
eglese,egl-s1-B,U_5R_best,relocateBeforeDummy,feasible,151,0,16,400,1.00
eglese,egl-s1-B,U_5R_best,crossAtDummy,infeasible,151,132,84,488,1.00
eglese,egl-s1-B,U_5R_best,crossAtDummy,feasible,151,0,0,36,1.00
eglese,egl-s1-B,U_5R_best,exchange,infeasible,151,6,20,7266,1.00
eglese,egl-s1-B,U_5R_best,exchange,feasible,151,3,15,3530,1.00
eglese,egl-s1-B,U_5R_best,cross,infeasible,151,36,150,2272,1.00
eglese,egl-s1-B,U_5R_best,cross,feasible,151,0,7,245,1.00
eglese,egl-s1-B,PS_5R_best,relocate,infeasible,151,27,83,8626,1.00
eglese,egl-s1-B,PS_5R_best,relocate,feasible,151,0,17,2217,1.00
eglese,egl-s1-B,PS_5R_best,relocateBeforeDummy,infeasible,151,21,104,993,1.00
eglese,egl-s1-B,PS_5R_best,relocateBeforeDummy,feasible,151,1,29,332,1.00
eglese,egl-s1-B,PS_5R_best,crossAtDummy,infeasible,151,146,117,439,1.00
eglese,egl-s1-B,PS_5R_best,crossAtDummy,feasible,151,0,1,37,1.00
eglese,egl-s1-B,PS_5R_best,exchange,infeasible,151,12,22,7498,1.00
eglese,egl-s1-B,PS_5R_best,exchange,feasible,151,1,12,3295,1.00
eglese,egl-s1-B,PS_5R_best,cross,infeasible,151,30,123,2335,1.00
eglese,egl-s1-B,PS_5R_best,cross,feasible,151,0,4,218,1.00
eglese,egl-s1-C,U_5R_best,relocate,infeasible,151,128,193,8457,1.00
eglese,egl-s1-C,U_5R_best,relocate,feasible,151,0,34,2168,1.00
eglese,egl-s1-C,U_5R_best,relocateBeforeDummy,infeasible,151,63,108,1441,1.00
eglese,egl-s1-C,U_5R_best,relocateBeforeDummy,feasible,151,1,19,588,1.00
eglese,egl-s1-C,U_5R_best,crossAtDummy,infeasible,151,236,104,696,1.00
eglese,egl-s1-C,U_5R_best,crossAtDummy,feasible,151,0,2,72,1.00
eglese,egl-s1-C,U_5R_best,exchange,infeasible,151,18,55,7611,1.00
eglese,egl-s1-C,U_5R_best,exchange,feasible,151,0,6,3170,1.00
eglese,egl-s1-C,U_5R_best,cross,infeasible,151,48,269,2100,1.00
eglese,egl-s1-C,U_5R_best,cross,feasible,151,0,2,296,1.00
eglese,egl-s1-C,PS_5R_best,relocate,infeasible,151,137,150,9131,1.00
eglese,egl-s1-C,PS_5R_best,relocate,feasible,151,0,23,1537,1.00
eglese,egl-s1-C,PS_5R_best,relocateBeforeDummy,infeasible,151,74,161,1561,1.00
eglese,egl-s1-C,PS_5R_best,relocateBeforeDummy,feasible,151,1,29,246,1.00
eglese,egl-s1-C,PS_5R_best,crossAtDummy,infeasible,151,257,137,632,1.00
eglese,egl-s1-C,PS_5R_best,crossAtDummy,feasible,151,0,0,10,1.00
eglese,egl-s1-C,PS_5R_best,exchange,infeasible,151,38,40,7710,1.00
eglese,egl-s1-C,PS_5R_best,exchange,feasible,151,0,11,3057,1.00
eglese,egl-s1-C,PS_5R_best,cross,infeasible,151,40,226,2279,1.00
eglese,egl-s1-C,PS_5R_best,cross,feasible,151,0,0,169,1.00
eglese,egl-s1-C,IM_best,relocate,infeasible,151,105,174,9393,1.00
eglese,egl-s1-C,IM_best,relocate,feasible,151,0,25,1281,1.00
eglese,egl-s1-C,IM_best,relocateBeforeDummy,infeasible,151,64,113,1607,1.00
eglese,egl-s1-C,IM_best,relocateBeforeDummy,feasible,151,0,13,275,1.00
eglese,egl-s1-C,IM_best,crossAtDummy,infeasible,151,260,80,670,1.00
eglese,egl-s1-C,IM_best,crossAtDummy,feasible,151,0,3,23,1.00
eglese,egl-s1-C,IM_best,exchange,infeasible,151,36,36,8692,1.00
eglese,egl-s1-C,IM_best,exchange,feasible,151,0,17,2075,1.00
eglese,egl-s1-C,IM_best,cross,infeasible,151,66,224,2298,1.00
eglese,egl-s1-C,IM_best,cross,feasible,151,0,2,124,1.00
eglese,egl-s2-A,IM_best,relocate,infeasible,295,69,172,34277,1.00
eglese,egl-s2-A,IM_best,relocate,feasible,295,0,53,8087,1.00
eglese,egl-s2-A,IM_best,exchange,infeasible,295,11,30,30775,1.00
eglese,egl-s2-A,IM_best,exchange,feasible,295,0,15,11561,1.00
eglese,egl-s2-A,IM_best,relocateBeforeDummy,infeasible,295,38,107,3023,1.00
eglese,egl-s2-A,IM_best,relocateBeforeDummy,feasible,295,0,6,914,1.00
eglese,egl-s2-A,IM_best,crossAtDummy,infeasible,295,227,106,1650,1.00
eglese,egl-s2-A,IM_best,crossAtDummy,feasible,295,0,1,60,1.00
eglese,egl-s2-A,IM_best,cross,infeasible,295,84,280,9701,1.00
eglese,egl-s2-A,IM_best,cross,feasible,295,0,4,529,1.00
eglese,egl-s2-A,U_5R_best,relocate,infeasible,295,28,188,31456,1.00
eglese,egl-s2-A,U_5R_best,relocate,feasible,295,0,45,10941,1.00
eglese,egl-s2-A,U_5R_best,relocateBeforeDummy,infeasible,295,25,200,2793,1.00
eglese,egl-s2-A,U_5R_best,relocateBeforeDummy,feasible,295,0,31,1039,1.00
eglese,egl-s2-A,U_5R_best,crossAtDummy,infeasible,295,265,195,1541,1.00
eglese,egl-s2-A,U_5R_best,crossAtDummy,feasible,295,0,2,41,1.00
eglese,egl-s2-A,U_5R_best,exchange,infeasible,295,23,39,27486,1.00
eglese,egl-s2-A,U_5R_best,exchange,feasible,295,0,12,14832,1.00
eglese,egl-s2-A,U_5R_best,cross,infeasible,295,55,293,9567,1.00
eglese,egl-s2-A,U_5R_best,cross,feasible,295,0,8,675,1.00
eglese,egl-s2-A,PS_5R_best,relocate,infeasible,295,43,204,37433,1.00
eglese,egl-s2-A,PS_5R_best,relocate,feasible,295,0,25,4953,1.00
eglese,egl-s2-A,PS_5R_best,relocateBeforeDummy,infeasible,295,23,167,3230,1.00
eglese,egl-s2-A,PS_5R_best,relocateBeforeDummy,feasible,295,0,19,649,1.00
eglese,egl-s2-A,PS_5R_best,crossAtDummy,infeasible,295,269,167,1547,1.00
eglese,egl-s2-A,PS_5R_best,crossAtDummy,feasible,295,0,1,60,1.00
eglese,egl-s2-A,PS_5R_best,exchange,infeasible,295,10,42,33712,1.00
eglese,egl-s2-A,PS_5R_best,exchange,feasible,295,0,17,8611,1.00
eglese,egl-s2-A,PS_5R_best,cross,infeasible,295,61,322,9809,1.00
eglese,egl-s2-A,PS_5R_best,cross,feasible,295,0,3,403,1.00
eglese,egl-s2-B,U_5R_best,relocate,infeasible,295,33,283,33914,1.00
eglese,egl-s2-B,U_5R_best,relocate,feasible,295,0,87,8355,1.00
eglese,egl-s2-B,U_5R_best,relocateBeforeDummy,infeasible,295,8,193,4509,1.00
eglese,egl-s2-B,U_5R_best,relocateBeforeDummy,feasible,295,0,57,1365,1.00
eglese,egl-s2-B,U_5R_best,crossAtDummy,infeasible,295,550,188,2213,1.00
eglese,egl-s2-B,U_5R_best,crossAtDummy,feasible,295,0,11,104,1.00
eglese,egl-s2-B,U_5R_best,exchange,infeasible,295,12,53,29431,1.00
eglese,egl-s2-B,U_5R_best,exchange,feasible,295,2,24,12898,1.00
eglese,egl-s2-B,U_5R_best,cross,infeasible,295,78,539,9089,1.00
eglese,egl-s2-B,U_5R_best,cross,feasible,295,0,9,890,1.00
eglese,egl-s2-B,PS_5R_best,relocate,infeasible,295,231,351,39872,1.00
eglese,egl-s2-B,PS_5R_best,relocate,feasible,295,0,29,2187,1.00
eglese,egl-s2-B,PS_5R_best,relocateBeforeDummy,infeasible,295,127,275,5124,1.00
eglese,egl-s2-B,PS_5R_best,relocateBeforeDummy,feasible,295,1,16,297,1.00
eglese,egl-s2-B,PS_5R_best,crossAtDummy,infeasible,295,573,259,2082,1.00
eglese,egl-s2-B,PS_5R_best,crossAtDummy,feasible,295,0,0,6,1.00
eglese,egl-s2-B,PS_5R_best,exchange,infeasible,295,66,101,36813,1.00
eglese,egl-s2-B,PS_5R_best,exchange,feasible,295,1,14,5421,1.00
eglese,egl-s2-B,PS_5R_best,cross,infeasible,295,117,491,9807,1.00
eglese,egl-s2-B,PS_5R_best,cross,feasible,295,0,3,186,1.00
eglese,egl-s2-B,IM_best,relocate,infeasible,295,52,313,34237,1.00
eglese,egl-s2-B,IM_best,relocate,feasible,295,1,63,8006,1.00
eglese,egl-s2-B,IM_best,relocateBeforeDummy,infeasible,295,27,220,4445,1.00
eglese,egl-s2-B,IM_best,relocateBeforeDummy,feasible,295,0,26,1414,1.00
eglese,egl-s2-B,IM_best,crossAtDummy,infeasible,295,539,166,2219,1.00
eglese,egl-s2-B,IM_best,crossAtDummy,feasible,295,0,4,138,1.00
eglese,egl-s2-B,IM_best,exchange,infeasible,295,9,56,31275,1.00
eglese,egl-s2-B,IM_best,exchange,feasible,295,0,32,11048,1.00
eglese,egl-s2-B,IM_best,cross,infeasible,295,150,460,9169,1.00
eglese,egl-s2-B,IM_best,cross,feasible,295,0,11,815,1.00
eglese,egl-s2-C,PS_5R_best,relocate,infeasible,295,412,478,38796,1.00
eglese,egl-s2-C,PS_5R_best,relocate,feasible,295,0,18,2980,1.00
eglese,egl-s2-C,PS_5R_best,exchange,infeasible,295,131,147,35330,1.00
eglese,egl-s2-C,PS_5R_best,exchange,feasible,295,4,23,6809,1.00
eglese,egl-s2-C,PS_5R_best,relocateBeforeDummy,infeasible,295,310,374,6650,1.00
eglese,egl-s2-C,PS_5R_best,relocateBeforeDummy,feasible,295,3,35,512,1.00
eglese,egl-s2-C,PS_5R_best,crossAtDummy,infeasible,295,975,327,2614,1.00
eglese,egl-s2-C,PS_5R_best,crossAtDummy,feasible,295,0,0,26,1.00
eglese,egl-s2-C,PS_5R_best,cross,infeasible,295,189,759,9314,1.00
eglese,egl-s2-C,PS_5R_best,cross,feasible,295,0,4,345,1.00
eglese,egl-s2-C,IM_best,relocate,infeasible,295,216,367,36755,1.00
eglese,egl-s2-C,IM_best,relocate,feasible,295,0,54,5294,1.00
eglese,egl-s2-C,IM_best,relocateBeforeDummy,infeasible,295,126,261,6591,1.00
eglese,egl-s2-C,IM_best,relocateBeforeDummy,feasible,295,0,22,1176,1.00
eglese,egl-s2-C,IM_best,crossAtDummy,infeasible,295,920,201,2793,1.00
eglese,egl-s2-C,IM_best,crossAtDummy,feasible,295,0,4,170,1.00
eglese,egl-s2-C,IM_best,exchange,infeasible,295,26,83,32995,1.00
eglese,egl-s2-C,IM_best,exchange,feasible,295,0,34,9310,1.00
eglese,egl-s2-C,IM_best,cross,infeasible,295,230,670,8947,1.00
eglese,egl-s2-C,IM_best,cross,feasible,295,0,8,757,1.00
eglese,egl-s3-A,U_5R_best,relocate,infeasible,319,35,171,31876,1.00
eglese,egl-s3-A,U_5R_best,relocate,feasible,319,2,81,17791,1.00
eglese,egl-s3-A,U_5R_best,relocateBeforeDummy,infeasible,319,20,126,2738,1.00
eglese,egl-s3-A,U_5R_best,relocateBeforeDummy,feasible,319,2,62,1792,1.00
eglese,egl-s3-A,U_5R_best,crossAtDummy,infeasible,319,316,160,1788,1.00
eglese,egl-s3-A,U_5R_best,crossAtDummy,feasible,319,0,2,104,1.00
eglese,egl-s3-A,U_5R_best,exchange,infeasible,319,12,21,27331,1.00
eglese,egl-s3-A,U_5R_best,exchange,feasible,319,2,19,22283,1.00
eglese,egl-s3-A,U_5R_best,cross,infeasible,319,63,345,10780,1.00
eglese,egl-s3-A,U_5R_best,cross,feasible,319,0,19,1210,1.00
eglese,egl-s3-A,IM_best,relocate,infeasible,319,45,238,43691,1.00
eglese,egl-s3-A,IM_best,relocate,feasible,319,0,57,5925,1.00
eglese,egl-s3-A,IM_best,relocateBeforeDummy,infeasible,319,29,140,3817,1.00
eglese,egl-s3-A,IM_best,relocateBeforeDummy,feasible,319,0,6,748,1.00
eglese,egl-s3-A,IM_best,crossAtDummy,infeasible,319,270,123,1852,1.00
eglese,egl-s3-A,IM_best,crossAtDummy,feasible,319,0,2,123,1.00
eglese,egl-s3-A,IM_best,exchange,infeasible,319,13,51,38452,1.00
eglese,egl-s3-A,IM_best,exchange,feasible,319,3,20,11129,1.00
eglese,egl-s3-A,IM_best,cross,infeasible,319,116,324,11358,1.00
eglese,egl-s3-A,IM_best,cross,feasible,319,0,1,618,1.00
eglese,egl-s3-B,U_5R_best,relocate,infeasible,319,59,310,40169,1.00
eglese,egl-s3-B,U_5R_best,relocate,feasible,319,0,51,9381,1.00
eglese,egl-s3-B,U_5R_best,relocateBeforeDummy,infeasible,319,64,283,5165,1.00
eglese,egl-s3-B,U_5R_best,relocateBeforeDummy,feasible,319,2,44,1394,1.00
eglese,egl-s3-B,U_5R_best,crossAtDummy,infeasible,319,580,291,2530,1.00
eglese,egl-s3-B,U_5R_best,crossAtDummy,feasible,319,0,0,75,1.00
eglese,egl-s3-B,U_5R_best,exchange,infeasible,319,10,35,35343,1.00
eglese,egl-s3-B,U_5R_best,exchange,feasible,319,0,13,14295,1.00
eglese,egl-s3-B,U_5R_best,cross,infeasible,319,87,525,10984,1.00
eglese,egl-s3-B,U_5R_best,cross,feasible,319,0,8,820,1.00
eglese,egl-s3-B,PS_5R_best,relocate,infeasible,319,123,361,40250,1.00
eglese,egl-s3-B,PS_5R_best,relocate,feasible,319,0,45,9191,1.00
eglese,egl-s3-B,PS_5R_best,relocateBeforeDummy,infeasible,319,91,280,5349,1.00
eglese,egl-s3-B,PS_5R_best,relocateBeforeDummy,feasible,319,0,39,1193,1.00
eglese,egl-s3-B,PS_5R_best,crossAtDummy,infeasible,319,596,249,2567,1.00
eglese,egl-s3-B,PS_5R_best,crossAtDummy,feasible,319,0,3,61,1.00
eglese,egl-s3-B,PS_5R_best,exchange,infeasible,319,34,72,33698,1.00
eglese,egl-s3-B,PS_5R_best,exchange,feasible,319,1,23,15868,1.00
eglese,egl-s3-B,PS_5R_best,cross,infeasible,319,109,573,10764,1.00
eglese,egl-s3-B,PS_5R_best,cross,feasible,319,0,8,970,1.00
eglese,egl-s3-B,IM_best,relocate,infeasible,319,97,343,43020,1.00
eglese,egl-s3-B,IM_best,relocate,feasible,319,0,50,6460,1.00
eglese,egl-s3-B,IM_best,relocateBeforeDummy,infeasible,319,69,231,5548,1.00
eglese,egl-s3-B,IM_best,relocateBeforeDummy,feasible,319,0,10,1094,1.00
eglese,egl-s3-B,IM_best,crossAtDummy,infeasible,319,621,197,2561,1.00
eglese,egl-s3-B,IM_best,crossAtDummy,feasible,319,0,2,95,1.00
eglese,egl-s3-B,IM_best,exchange,infeasible,319,26,84,39918,1.00
eglese,egl-s3-B,IM_best,exchange,feasible,319,1,30,9637,1.00
eglese,egl-s3-B,IM_best,cross,infeasible,319,230,498,11075,1.00
eglese,egl-s3-B,IM_best,cross,feasible,319,0,9,612,1.00
eglese,egl-s3-C,IM_best,relocate,infeasible,319,293,452,45619,1.00
eglese,egl-s3-C,IM_best,relocate,feasible,319,0,61,3559,1.00
eglese,egl-s3-C,IM_best,relocateBeforeDummy,infeasible,319,139,309,7880,1.00
eglese,egl-s3-C,IM_best,relocateBeforeDummy,feasible,319,0,17,819,1.00
eglese,egl-s3-C,IM_best,crossAtDummy,infeasible,319,1033,244,3230,1.00
eglese,egl-s3-C,IM_best,crossAtDummy,feasible,319,0,2,73,1.00
eglese,egl-s3-C,IM_best,exchange,infeasible,319,61,108,41155,1.00
eglese,egl-s3-C,IM_best,exchange,feasible,319,0,41,8359,1.00
eglese,egl-s3-C,IM_best,cross,infeasible,319,348,734,10828,1.00
eglese,egl-s3-C,IM_best,cross,feasible,319,0,10,511,1.00
eglese,egl-s3-C,PS_5R_best,relocate,infeasible,319,313,527,44876,1.00
eglese,egl-s3-C,PS_5R_best,relocate,feasible,319,0,38,4230,1.00
eglese,egl-s3-C,PS_5R_best,relocateBeforeDummy,infeasible,319,244,517,7595,1.00
eglese,egl-s3-C,PS_5R_best,relocateBeforeDummy,feasible,319,1,62,745,1.00
eglese,egl-s3-C,PS_5R_best,crossAtDummy,infeasible,319,1085,430,3000,1.00
eglese,egl-s3-C,PS_5R_best,crossAtDummy,feasible,319,0,4,63,1.00
eglese,egl-s3-C,PS_5R_best,exchange,infeasible,319,77,182,39005,1.00
eglese,egl-s3-C,PS_5R_best,exchange,feasible,319,3,39,10418,1.00
eglese,egl-s3-C,PS_5R_best,cross,infeasible,319,167,818,10862,1.00
eglese,egl-s3-C,PS_5R_best,cross,feasible,319,0,10,574,1.00
eglese,egl-s3-C,U_5R_best,relocate,infeasible,319,359,565,45144,1.00
eglese,egl-s3-C,U_5R_best,relocate,feasible,319,0,40,3876,1.00
eglese,egl-s3-C,U_5R_best,relocateBeforeDummy,infeasible,319,270,442,7568,1.00
eglese,egl-s3-C,U_5R_best,relocateBeforeDummy,feasible,319,0,28,856,1.00
eglese,egl-s3-C,U_5R_best,crossAtDummy,infeasible,319,1053,355,3133,1.00
eglese,egl-s3-C,U_5R_best,crossAtDummy,feasible,319,0,1,40,1.00
eglese,egl-s3-C,U_5R_best,exchange,infeasible,319,71,129,41520,1.00
eglese,egl-s3-C,U_5R_best,exchange,feasible,319,0,30,7974,1.00
eglese,egl-s3-C,U_5R_best,cross,infeasible,319,207,853,10871,1.00
eglese,egl-s3-C,U_5R_best,cross,feasible,319,0,10,490,1.00
eglese,egl-s4-A,U_5R_best,relocate,infeasible,381,89,311,53458,1.00
eglese,egl-s4-A,U_5R_best,relocate,feasible,381,0,86,17534,1.00
eglese,egl-s4-A,U_5R_best,relocateBeforeDummy,infeasible,381,75,257,4932,1.00
eglese,egl-s4-A,U_5R_best,relocateBeforeDummy,feasible,381,1,62,1855,1.00
eglese,egl-s4-A,U_5R_best,crossAtDummy,infeasible,381,534,243,2699,1.00
eglese,egl-s4-A,U_5R_best,crossAtDummy,feasible,381,0,5,110,1.00
eglese,egl-s4-A,U_5R_best,exchange,infeasible,381,29,42,44941,1.00
eglese,egl-s4-A,U_5R_best,exchange,feasible,381,2,33,26089,1.00
eglese,egl-s4-A,U_5R_best,cross,infeasible,381,81,542,15897,1.00
eglese,egl-s4-A,U_5R_best,cross,feasible,381,0,19,1245,1.00
eglese,egl-s4-A,IM_best,relocate,infeasible,381,91,335,62810,1.00
eglese,egl-s4-A,IM_best,relocate,feasible,381,3,54,8185,1.00
eglese,egl-s4-A,IM_best,exchange,infeasible,381,12,50,56042,1.00
eglese,egl-s4-A,IM_best,exchange,feasible,381,2,15,15015,1.00
eglese,egl-s4-A,IM_best,relocateBeforeDummy,infeasible,381,62,244,5894,1.00
eglese,egl-s4-A,IM_best,relocateBeforeDummy,feasible,381,0,12,970,1.00
eglese,egl-s4-A,IM_best,crossAtDummy,infeasible,381,460,220,2775,1.00
eglese,egl-s4-A,IM_best,crossAtDummy,feasible,381,0,1,135,1.00
eglese,egl-s4-A,IM_best,cross,infeasible,381,119,505,16251,1.00
eglese,egl-s4-A,IM_best,cross,feasible,381,0,5,904,1.00
eglese,egl-s4-A,PS_5R_best,relocate,infeasible,381,24,258,56702,1.00
eglese,egl-s4-A,PS_5R_best,relocate,feasible,381,0,73,14421,1.00
eglese,egl-s4-A,PS_5R_best,relocateBeforeDummy,infeasible,381,32,250,5252,1.00
eglese,egl-s4-A,PS_5R_best,relocateBeforeDummy,feasible,381,1,74,1573,1.00
eglese,egl-s4-A,PS_5R_best,crossAtDummy,infeasible,381,476,306,2696,1.00
eglese,egl-s4-A,PS_5R_best,crossAtDummy,feasible,381,0,1,112,1.00
eglese,egl-s4-A,PS_5R_best,exchange,infeasible,381,14,35,47895,1.00
eglese,egl-s4-A,PS_5R_best,exchange,feasible,381,2,27,23163,1.00
eglese,egl-s4-A,PS_5R_best,cross,infeasible,381,40,490,16116,1.00
eglese,egl-s4-A,PS_5R_best,cross,feasible,381,0,25,1113,1.00
eglese,egl-s4-B,PS_5R_best,relocate,infeasible,381,351,576,63193,1.00
eglese,egl-s4-B,PS_5R_best,relocate,feasible,381,0,54,7320,1.00
eglese,egl-s4-B,PS_5R_best,exchange,infeasible,381,86,166,55976,1.00
eglese,egl-s4-B,PS_5R_best,exchange,feasible,381,1,20,14919,1.00
eglese,egl-s4-B,PS_5R_best,relocateBeforeDummy,infeasible,381,210,458,8342,1.00
eglese,egl-s4-B,PS_5R_best,relocateBeforeDummy,feasible,381,0,29,1167,1.00
eglese,egl-s4-B,PS_5R_best,crossAtDummy,infeasible,381,858,423,3724,1.00
eglese,egl-s4-B,PS_5R_best,crossAtDummy,feasible,381,0,2,96,1.00
eglese,egl-s4-B,PS_5R_best,cross,infeasible,381,169,874,15814,1.00
eglese,egl-s4-B,PS_5R_best,cross,feasible,381,0,8,927,1.00
eglese,egl-s4-B,IM_best,relocate,infeasible,381,123,507,60638,1.00
eglese,egl-s4-B,IM_best,relocate,feasible,381,0,72,10154,1.00
eglese,egl-s4-B,IM_best,exchange,infeasible,381,27,100,53853,1.00
eglese,egl-s4-B,IM_best,exchange,feasible,381,1,29,17158,1.00
eglese,egl-s4-B,IM_best,relocateBeforeDummy,infeasible,381,83,319,8316,1.00
eglese,egl-s4-B,IM_best,relocateBeforeDummy,feasible,381,0,17,1471,1.00
eglese,egl-s4-B,IM_best,crossAtDummy,infeasible,381,894,276,3801,1.00
eglese,egl-s4-B,IM_best,crossAtDummy,feasible,381,0,7,125,1.00
eglese,egl-s4-B,IM_best,cross,infeasible,381,253,786,15778,1.00
eglese,egl-s4-B,IM_best,cross,feasible,381,0,12,963,1.00
eglese,egl-s4-C,IM_best,relocate,infeasible,381,403,618,65473,1.00
eglese,egl-s4-C,IM_best,relocate,feasible,381,0,59,4959,1.00
eglese,egl-s4-C,IM_best,relocateBeforeDummy,infeasible,381,274,428,11704,1.00
eglese,egl-s4-C,IM_best,relocateBeforeDummy,feasible,381,0,9,1193,1.00
eglese,egl-s4-C,IM_best,crossAtDummy,infeasible,381,1556,384,4756,1.00
eglese,egl-s4-C,IM_best,crossAtDummy,feasible,381,0,3,105,1.00
eglese,egl-s4-C,IM_best,exchange,infeasible,381,64,161,58807,1.00
eglese,egl-s4-C,IM_best,exchange,feasible,381,5,42,12125,1.00
eglese,egl-s4-C,IM_best,cross,infeasible,381,377,1107,15453,1.00
eglese,egl-s4-C,IM_best,cross,feasible,381,0,14,850,1.00
eglese,egl-s4-C,U_5R_best,relocate,infeasible,381,250,621,59901,1.00
eglese,egl-s4-C,U_5R_best,relocate,feasible,381,0,83,10659,1.00
eglese,egl-s4-C,U_5R_best,relocateBeforeDummy,infeasible,381,205,532,10709,1.00
eglese,egl-s4-C,U_5R_best,relocateBeforeDummy,feasible,381,0,82,2458,1.00
eglese,egl-s4-C,U_5R_best,crossAtDummy,infeasible,381,1711,458,4694,1.00
eglese,egl-s4-C,U_5R_best,crossAtDummy,feasible,381,0,3,127,1.00
eglese,egl-s4-C,U_5R_best,exchange,infeasible,381,45,140,52179,1.00
eglese,egl-s4-C,U_5R_best,exchange,feasible,381,0,36,18808,1.00
eglese,egl-s4-C,U_5R_best,cross,infeasible,381,164,1220,14901,1.00
eglese,egl-s4-C,U_5R_best,cross,feasible,381,0,45,1472,1.00
eglese,egl-s4-C,PS_5R_best,relocate,infeasible,381,469,759,64388,1.00
eglese,egl-s4-C,PS_5R_best,relocate,feasible,381,0,54,5842,1.00
eglese,egl-s4-C,PS_5R_best,relocateBeforeDummy,infeasible,381,258,691,11365,1.00
eglese,egl-s4-C,PS_5R_best,relocateBeforeDummy,feasible,381,0,59,1235,1.00
eglese,egl-s4-C,PS_5R_best,crossAtDummy,infeasible,381,1574,535,4574,1.00
eglese,egl-s4-C,PS_5R_best,crossAtDummy,feasible,381,0,7,114,1.00
eglese,egl-s4-C,PS_5R_best,exchange,infeasible,381,147,207,57822,1.00
eglese,egl-s4-C,PS_5R_best,exchange,feasible,381,1,32,12995,1.00
eglese,egl-s4-C,PS_5R_best,cross,infeasible,381,251,1268,15460,1.00
eglese,egl-s4-C,PS_5R_best,cross,feasible,381,0,11,811,1.00
egl-large,egl-g1-A_IF,U_5R_best,relocate,infeasible,695,58,251,170521,1.00
egl-large,egl-g1-A_IF,U_5R_best,relocate,feasible,695,1,189,68450,1.00
egl-large,egl-g1-A_IF,U_5R_best,relocateBeforeDummy,infeasible,695,20,103,9453,1.00
egl-large,egl-g1-A_IF,U_5R_best,relocateBeforeDummy,feasible,695,1,65,4198,1.00
egl-large,egl-g1-A_IF,U_5R_best,crossAtDummy,infeasible,695,481,176,6096,1.00
egl-large,egl-g1-A_IF,U_5R_best,crossAtDummy,feasible,695,0,17,150,1.00
egl-large,egl-g1-A_IF,U_5R_best,exchange,infeasible,695,14,38,153916,1.00
egl-large,egl-g1-A_IF,U_5R_best,exchange,feasible,695,0,23,84825,1.00
egl-large,egl-g1-A_IF,U_5R_best,cross,infeasible,695,91,681,55764,1.00
egl-large,egl-g1-A_IF,U_5R_best,cross,feasible,695,0,25,3143,1.00
egl-large,egl-g1-A_IF,PS_5R_best,relocate,infeasible,695,69,182,178641,1.00
egl-large,egl-g1-A_IF,PS_5R_best,relocate,feasible,695,2,133,60443,1.00
egl-large,egl-g1-A_IF,PS_5R_best,relocateBeforeDummy,infeasible,695,33,133,9692,1.00
egl-large,egl-g1-A_IF,PS_5R_best,relocateBeforeDummy,feasible,695,7,87,3888,1.00
egl-large,egl-g1-A_IF,PS_5R_best,crossAtDummy,infeasible,695,488,289,5930,1.00
egl-large,egl-g1-A_IF,PS_5R_best,crossAtDummy,feasible,695,0,12,201,1.00
egl-large,egl-g1-A_IF,PS_5R_best,exchange,infeasible,695,21,42,163393,1.00
egl-large,egl-g1-A_IF,PS_5R_best,exchange,feasible,695,2,33,75325,1.00
egl-large,egl-g1-A_IF,PS_5R_best,cross,infeasible,695,30,570,56145,1.00
egl-large,egl-g1-A_IF,PS_5R_best,cross,feasible,695,0,37,2922,1.00
egl-large,egl-g1-A_IF,IM_best,relocate,infeasible,695,11,207,182022,1.00
egl-large,egl-g1-A_IF,IM_best,relocate,feasible,695,2,151,57077,1.00
egl-large,egl-g1-A_IF,IM_best,relocateBeforeDummy,infeasible,695,3,80,10383,1.00
egl-large,egl-g1-A_IF,IM_best,relocateBeforeDummy,feasible,695,0,17,3357,1.00
egl-large,egl-g1-A_IF,IM_best,crossAtDummy,infeasible,695,432,128,6165,1.00
egl-large,egl-g1-A_IF,IM_best,crossAtDummy,feasible,695,0,10,185,1.00
egl-large,egl-g1-A_IF,IM_best,exchange,infeasible,695,6,36,160010,1.00
egl-large,egl-g1-A_IF,IM_best,exchange,feasible,695,1,33,78730,1.00
egl-large,egl-g1-A_IF,IM_best,cross,infeasible,695,159,562,55554,1.00
egl-large,egl-g1-A_IF,IM_best,cross,feasible,695,0,18,3411,1.00
egl-large,egl-g1-B_IF,PS_5R_best,relocate,infeasible,695,41,203,176812,1.00
egl-large,egl-g1-B_IF,PS_5R_best,relocate,feasible,695,0,139,62285,1.00
egl-large,egl-g1-B_IF,PS_5R_best,relocateBeforeDummy,infeasible,695,37,145,12500,1.00
egl-large,egl-g1-B_IF,PS_5R_best,relocateBeforeDummy,feasible,695,1,75,4542,1.00
egl-large,egl-g1-B_IF,PS_5R_best,crossAtDummy,infeasible,695,703,319,7343,1.00
egl-large,egl-g1-B_IF,PS_5R_best,crossAtDummy,feasible,695,0,8,277,1.00
egl-large,egl-g1-B_IF,PS_5R_best,exchange,infeasible,695,9,34,163357,1.00
egl-large,egl-g1-B_IF,PS_5R_best,exchange,feasible,695,1,31,75404,1.00
egl-large,egl-g1-B_IF,PS_5R_best,cross,infeasible,695,48,733,55915,1.00
egl-large,egl-g1-B_IF,PS_5R_best,cross,feasible,695,0,23,2990,1.00
egl-large,egl-g1-B_IF,U_5R_best,relocate,infeasible,695,28,208,148302,1.00
egl-large,egl-g1-B_IF,U_5R_best,relocate,feasible,695,1,181,90762,1.00
egl-large,egl-g1-B_IF,U_5R_best,relocateBeforeDummy,infeasible,695,17,127,10318,1.00
egl-large,egl-g1-B_IF,U_5R_best,relocateBeforeDummy,feasible,695,2,91,7437,1.00
egl-large,egl-g1-B_IF,U_5R_best,crossAtDummy,infeasible,695,697,290,7427,1.00
egl-large,egl-g1-B_IF,U_5R_best,crossAtDummy,feasible,695,0,18,564,1.00
egl-large,egl-g1-B_IF,U_5R_best,exchange,infeasible,695,10,25,139305,1.00
egl-large,egl-g1-B_IF,U_5R_best,exchange,feasible,695,1,29,99470,1.00
egl-large,egl-g1-B_IF,U_5R_best,cross,infeasible,695,97,729,52789,1.00
egl-large,egl-g1-B_IF,U_5R_best,cross,feasible,695,0,41,6054,1.00
egl-large,egl-g1-B_IF,IM_best,relocate,infeasible,695,22,319,213735,1.00
egl-large,egl-g1-B_IF,IM_best,relocate,feasible,695,1,116,25287,1.00
egl-large,egl-g1-B_IF,IM_best,relocateBeforeDummy,infeasible,695,18,141,14449,1.00
egl-large,egl-g1-B_IF,IM_best,relocateBeforeDummy,feasible,695,1,18,2673,1.00
egl-large,egl-g1-B_IF,IM_best,crossAtDummy,infeasible,695,689,197,7571,1.00
egl-large,egl-g1-B_IF,IM_best,crossAtDummy,feasible,695,0,16,177,1.00
egl-large,egl-g1-B_IF,IM_best,exchange,infeasible,695,10,55,199139,1.00
egl-large,egl-g1-B_IF,IM_best,exchange,feasible,695,4,26,39602,1.00
egl-large,egl-g1-B_IF,IM_best,cross,infeasible,695,172,749,56925,1.00
egl-large,egl-g1-B_IF,IM_best,cross,feasible,695,0,13,1850,1.00
egl-large,egl-g1-C_IF,PS_5R_best,relocate,infeasible,695,42,263,196689,1.00
egl-large,egl-g1-C_IF,PS_5R_best,relocate,feasible,695,0,81,42415,1.00
egl-large,egl-g1-C_IF,PS_5R_best,relocateBeforeDummy,infeasible,695,40,260,16408,1.00
egl-large,egl-g1-C_IF,PS_5R_best,relocateBeforeDummy,feasible,695,2,97,3953,1.00
egl-large,egl-g1-C_IF,PS_5R_best,crossAtDummy,infeasible,695,1006,446,8679,1.00
egl-large,egl-g1-C_IF,PS_5R_best,crossAtDummy,feasible,695,0,5,244,1.00
egl-large,egl-g1-C_IF,PS_5R_best,exchange,infeasible,695,17,21,181694,1.00
egl-large,egl-g1-C_IF,PS_5R_best,exchange,feasible,695,5,35,57084,1.00
egl-large,egl-g1-C_IF,PS_5R_best,cross,infeasible,695,32,874,55995,1.00
egl-large,egl-g1-C_IF,PS_5R_best,cross,feasible,695,0,29,2784,1.00
egl-large,egl-g1-C_IF,U_5R_best,relocate,infeasible,695,43,289,145780,1.00
egl-large,egl-g1-C_IF,U_5R_best,relocate,feasible,695,1,178,93201,1.00
egl-large,egl-g1-C_IF,U_5R_best,relocateBeforeDummy,infeasible,695,7,146,13463,1.00
egl-large,egl-g1-C_IF,U_5R_best,relocateBeforeDummy,feasible,695,0,82,7754,1.00
egl-large,egl-g1-C_IF,U_5R_best,crossAtDummy,infeasible,695,1006,345,8884,1.00
egl-large,egl-g1-C_IF,U_5R_best,crossAtDummy,feasible,695,0,15,476,1.00
egl-large,egl-g1-C_IF,U_5R_best,exchange,infeasible,695,10,27,119427,1.00
egl-large,egl-g1-C_IF,U_5R_best,exchange,feasible,695,2,35,119359,1.00
egl-large,egl-g1-C_IF,U_5R_best,cross,infeasible,695,94,1055,51336,1.00
egl-large,egl-g1-C_IF,U_5R_best,cross,feasible,695,0,37,7193,1.00
egl-large,egl-g1-C_IF,IM_best,relocate,infeasible,695,37,328,186075,1.00
egl-large,egl-g1-C_IF,IM_best,relocate,feasible,695,3,138,52909,1.00
egl-large,egl-g1-C_IF,IM_best,relocateBeforeDummy,infeasible,695,10,138,16502,1.00
egl-large,egl-g1-C_IF,IM_best,relocateBeforeDummy,feasible,695,0,25,4085,1.00
egl-large,egl-g1-C_IF,IM_best,crossAtDummy,infeasible,695,981,255,8894,1.00
egl-large,egl-g1-C_IF,IM_best,crossAtDummy,feasible,695,0,20,230,1.00
egl-large,egl-g1-C_IF,IM_best,exchange,infeasible,695,15,62,162427,1.00
egl-large,egl-g1-C_IF,IM_best,exchange,feasible,695,3,39,76310,1.00
egl-large,egl-g1-C_IF,IM_best,cross,infeasible,695,265,936,55094,1.00
egl-large,egl-g1-C_IF,IM_best,cross,feasible,695,0,26,3393,1.00
egl-large,egl-g1-D_IF,PS_5R_best,relocate,infeasible,695,189,433,215368,1.00
egl-large,egl-g1-D_IF,PS_5R_best,relocate,feasible,695,0,62,23448,1.00
egl-large,egl-g1-D_IF,PS_5R_best,relocateBeforeDummy,infeasible,695,96,313,20901,1.00
egl-large,egl-g1-D_IF,PS_5R_best,relocateBeforeDummy,feasible,695,2,53,2855,1.00
egl-large,egl-g1-D_IF,PS_5R_best,crossAtDummy,infeasible,695,1417,442,10042,1.00
egl-large,egl-g1-D_IF,PS_5R_best,crossAtDummy,feasible,695,0,3,206,1.00
egl-large,egl-g1-D_IF,PS_5R_best,exchange,infeasible,695,68,105,198655,1.00
egl-large,egl-g1-D_IF,PS_5R_best,exchange,feasible,695,1,11,40036,1.00
egl-large,egl-g1-D_IF,PS_5R_best,cross,infeasible,695,66,1160,56851,1.00
egl-large,egl-g1-D_IF,PS_5R_best,cross,feasible,695,0,25,1617,1.00
egl-large,egl-g1-D_IF,U_5R_best,relocate,infeasible,695,53,341,176142,1.00
egl-large,egl-g1-D_IF,U_5R_best,relocate,feasible,695,1,188,62779,1.00
egl-large,egl-g1-D_IF,U_5R_best,relocateBeforeDummy,infeasible,695,51,244,17167,1.00
egl-large,egl-g1-D_IF,U_5R_best,relocateBeforeDummy,feasible,695,5,134,8003,1.00
egl-large,egl-g1-D_IF,U_5R_best,crossAtDummy,infeasible,695,1463,421,10104,1.00
egl-large,egl-g1-D_IF,U_5R_best,crossAtDummy,feasible,695,0,29,785,1.00
egl-large,egl-g1-D_IF,U_5R_best,exchange,infeasible,695,23,45,156172,1.00
egl-large,egl-g1-D_IF,U_5R_best,exchange,feasible,695,2,31,82611,1.00
egl-large,egl-g1-D_IF,U_5R_best,cross,infeasible,695,146,1135,52508,1.00
egl-large,egl-g1-D_IF,U_5R_best,cross,feasible,695,0,71,5861,1.00
egl-large,egl-g1-D_IF,IM_best,relocate,infeasible,695,135,517,210738,1.00
egl-large,egl-g1-D_IF,IM_best,relocate,feasible,695,1,98,28011,1.00
egl-large,egl-g1-D_IF,IM_best,exchange,infeasible,695,42,124,192914,1.00
egl-large,egl-g1-D_IF,IM_best,exchange,feasible,695,2,27,45767,1.00
egl-large,egl-g1-D_IF,IM_best,relocateBeforeDummy,infeasible,695,44,263,20945,1.00
egl-large,egl-g1-D_IF,IM_best,relocateBeforeDummy,feasible,695,1,32,2935,1.00
egl-large,egl-g1-D_IF,IM_best,crossAtDummy,infeasible,695,1413,314,10185,1.00
egl-large,egl-g1-D_IF,IM_best,crossAtDummy,feasible,695,0,2,196,1.00
egl-large,egl-g1-D_IF,IM_best,cross,infeasible,695,299,1229,56003,1.00
egl-large,egl-g1-D_IF,IM_best,cross,feasible,695,0,22,2166,1.00
egl-large,egl-g1-E_IF,U_5R_best,relocate,infeasible,695,101,387,176500,1.00
egl-large,egl-g1-E_IF,U_5R_best,relocate,feasible,695,3,149,62374,1.00
egl-large,egl-g1-E_IF,U_5R_best,relocateBeforeDummy,infeasible,695,83,282,20761,1.00
egl-large,egl-g1-E_IF,U_5R_best,relocateBeforeDummy,feasible,695,1,97,7840,1.00
egl-large,egl-g1-E_IF,U_5R_best,crossAtDummy,infeasible,695,1817,485,11439,1.00
egl-large,egl-g1-E_IF,U_5R_best,crossAtDummy,feasible,695,0,20,771,1.00
egl-large,egl-g1-E_IF,U_5R_best,exchange,infeasible,695,19,52,153117,1.00
egl-large,egl-g1-E_IF,U_5R_best,exchange,feasible,695,6,31,85679,1.00
egl-large,egl-g1-E_IF,U_5R_best,cross,infeasible,695,156,1433,52311,1.00
egl-large,egl-g1-E_IF,U_5R_best,cross,feasible,695,0,40,5786,1.00
egl-large,egl-g1-E_IF,PS_5R_best,relocate,infeasible,695,370,492,221096,1.00
egl-large,egl-g1-E_IF,PS_5R_best,relocate,feasible,695,2,60,17490,1.00
egl-large,egl-g1-E_IF,PS_5R_best,relocateBeforeDummy,infeasible,695,194,412,24724,1.00
egl-large,egl-g1-E_IF,PS_5R_best,relocateBeforeDummy,feasible,695,1,74,2275,1.00
egl-large,egl-g1-E_IF,PS_5R_best,crossAtDummy,infeasible,695,1855,576,11263,1.00
egl-large,egl-g1-E_IF,PS_5R_best,crossAtDummy,feasible,695,0,1,145,1.00
egl-large,egl-g1-E_IF,PS_5R_best,exchange,infeasible,695,158,151,204643,1.00
egl-large,egl-g1-E_IF,PS_5R_best,exchange,feasible,695,2,29,33913,1.00
egl-large,egl-g1-E_IF,PS_5R_best,cross,infeasible,695,104,1467,56700,1.00
egl-large,egl-g1-E_IF,PS_5R_best,cross,feasible,695,0,25,1428,1.00
egl-large,egl-g1-E_IF,IM_best,relocate,infeasible,695,191,593,218302,1.00
egl-large,egl-g1-E_IF,IM_best,relocate,feasible,695,1,95,20328,1.00
egl-large,egl-g1-E_IF,IM_best,exchange,infeasible,695,51,150,199211,1.00
egl-large,egl-g1-E_IF,IM_best,exchange,feasible,695,3,34,39447,1.00
egl-large,egl-g1-E_IF,IM_best,relocateBeforeDummy,infeasible,695,68,369,24827,1.00
egl-large,egl-g1-E_IF,IM_best,relocateBeforeDummy,feasible,695,0,29,2387,1.00
egl-large,egl-g1-E_IF,IM_best,crossAtDummy,infeasible,695,1818,353,11551,1.00
egl-large,egl-g1-E_IF,IM_best,crossAtDummy,feasible,695,0,8,110,1.00
egl-large,egl-g1-E_IF,IM_best,cross,infeasible,695,286,1440,56246,1.00
egl-large,egl-g1-E_IF,IM_best,cross,feasible,695,0,20,1732,1.00
egl-large,egl-g2-A_IF,U_5R_best,relocate,infeasible,751,23,165,135604,1.00
egl-large,egl-g2-A_IF,U_5R_best,relocate,feasible,751,4,251,143749,1.00
egl-large,egl-g2-A_IF,U_5R_best,relocateBeforeDummy,infeasible,751,10,96,8276,1.00
egl-large,egl-g2-A_IF,U_5R_best,relocateBeforeDummy,feasible,751,2,95,8725,1.00
egl-large,egl-g2-A_IF,U_5R_best,crossAtDummy,infeasible,751,548,281,7263,1.00
egl-large,egl-g2-A_IF,U_5R_best,crossAtDummy,feasible,751,0,22,488,1.00
egl-large,egl-g2-A_IF,U_5R_best,exchange,infeasible,751,8,15,115089,1.00
egl-large,egl-g2-A_IF,U_5R_best,exchange,feasible,751,3,37,163940,1.00
egl-large,egl-g2-A_IF,U_5R_best,cross,infeasible,751,115,681,60784,1.00
egl-large,egl-g2-A_IF,U_5R_best,cross,feasible,751,0,50,8143,1.00
egl-large,egl-g2-A_IF,IM_best,relocate,infeasible,751,22,256,232984,1.00
egl-large,egl-g2-A_IF,IM_best,relocate,feasible,751,1,109,46422,1.00
egl-large,egl-g2-A_IF,IM_best,relocateBeforeDummy,infeasible,751,5,106,13413,1.00
egl-large,egl-g2-A_IF,IM_best,relocateBeforeDummy,feasible,751,0,31,2901,1.00
egl-large,egl-g2-A_IF,IM_best,crossAtDummy,infeasible,751,547,192,7340,1.00
egl-large,egl-g2-A_IF,IM_best,crossAtDummy,feasible,751,0,17,132,1.00
egl-large,egl-g2-A_IF,IM_best,exchange,infeasible,751,9,60,213915,1.00
egl-large,egl-g2-A_IF,IM_best,exchange,feasible,751,1,19,65084,1.00
egl-large,egl-g2-A_IF,IM_best,cross,infeasible,751,158,631,66758,1.00
egl-large,egl-g2-A_IF,IM_best,cross,feasible,751,0,16,2209,1.00
egl-large,egl-g2-A_IF,PS_5R_best,cross,infeasible,751,13,616,66757,1.00
egl-large,egl-g2-A_IF,PS_5R_best,cross,feasible,751,0,27,2359,1.00
egl-large,egl-g2-A_IF,PS_5R_best,relocate,infeasible,751,66,255,227667,1.00
egl-large,egl-g2-A_IF,PS_5R_best,relocate,feasible,751,4,106,51696,1.00
egl-large,egl-g2-A_IF,PS_5R_best,relocateBeforeDummy,infeasible,751,46,207,13161,1.00
egl-large,egl-g2-A_IF,PS_5R_best,relocateBeforeDummy,feasible,751,4,67,2971,1.00
egl-large,egl-g2-A_IF,PS_5R_best,crossAtDummy,infeasible,751,557,349,7167,1.00
egl-large,egl-g2-A_IF,PS_5R_best,crossAtDummy,feasible,751,0,4,151,1.00
egl-large,egl-g2-A_IF,PS_5R_best,exchange,infeasible,751,25,49,206814,1.00
egl-large,egl-g2-A_IF,PS_5R_best,exchange,feasible,751,2,34,72164,1.00
egl-large,egl-g2-B_IF,PS_5R_best,relocate,infeasible,751,78,265,208987,1.00
egl-large,egl-g2-B_IF,PS_5R_best,relocate,feasible,751,0,131,70343,1.00
egl-large,egl-g2-B_IF,PS_5R_best,relocateBeforeDummy,infeasible,751,34,215,14935,1.00
egl-large,egl-g2-B_IF,PS_5R_best,relocateBeforeDummy,feasible,751,2,88,4922,1.00
egl-large,egl-g2-B_IF,PS_5R_best,crossAtDummy,infeasible,751,773,420,8558,1.00
egl-large,egl-g2-B_IF,PS_5R_best,crossAtDummy,feasible,751,0,14,333,1.00
egl-large,egl-g2-B_IF,PS_5R_best,exchange,infeasible,751,10,62,183048,1.00
egl-large,egl-g2-B_IF,PS_5R_best,exchange,feasible,751,1,24,95963,1.00
egl-large,egl-g2-B_IF,PS_5R_best,cross,infeasible,751,45,805,64980,1.00
egl-large,egl-g2-B_IF,PS_5R_best,cross,feasible,751,0,32,3915,1.00
egl-large,egl-g2-B_IF,IM_best,relocate,infeasible,751,19,300,225099,1.00
egl-large,egl-g2-B_IF,IM_best,relocate,feasible,751,2,124,54260,1.00
egl-large,egl-g2-B_IF,IM_best,relocateBeforeDummy,infeasible,751,7,173,16302,1.00
egl-large,egl-g2-B_IF,IM_best,relocateBeforeDummy,feasible,751,2,40,3672,1.00
egl-large,egl-g2-B_IF,IM_best,crossAtDummy,infeasible,751,852,200,8828,1.00
egl-large,egl-g2-B_IF,IM_best,crossAtDummy,feasible,751,0,11,207,1.00
egl-large,egl-g2-B_IF,IM_best,exchange,infeasible,751,7,72,196169,1.00
egl-large,egl-g2-B_IF,IM_best,exchange,feasible,751,2,36,82822,1.00
egl-large,egl-g2-B_IF,IM_best,cross,infeasible,751,145,802,64727,1.00
egl-large,egl-g2-B_IF,IM_best,cross,feasible,751,0,29,4074,1.00
egl-large,egl-g2-B_IF,U_5R_best,relocate,infeasible,751,69,330,205119,1.00
egl-large,egl-g2-B_IF,U_5R_best,relocate,feasible,751,1,161,74124,1.00
egl-large,egl-g2-B_IF,U_5R_best,relocateBeforeDummy,infeasible,751,33,178,14391,1.00
egl-large,egl-g2-B_IF,U_5R_best,relocateBeforeDummy,feasible,751,1,73,5520,1.00
egl-large,egl-g2-B_IF,U_5R_best,crossAtDummy,infeasible,751,780,358,8783,1.00
egl-large,egl-g2-B_IF,U_5R_best,crossAtDummy,feasible,751,0,11,166,1.00
egl-large,egl-g2-B_IF,U_5R_best,exchange,infeasible,751,24,50,186050,1.00
egl-large,egl-g2-B_IF,U_5R_best,exchange,feasible,751,1,32,92951,1.00
egl-large,egl-g2-B_IF,U_5R_best,cross,infeasible,751,100,933,64921,1.00
egl-large,egl-g2-B_IF,U_5R_best,cross,feasible,751,0,17,3806,1.00
egl-large,egl-g2-C_IF,PS_5R_best,relocate,infeasible,751,160,428,254806,1.00
egl-large,egl-g2-C_IF,PS_5R_best,relocate,feasible,751,0,51,24369,1.00
egl-large,egl-g2-C_IF,PS_5R_best,exchange,infeasible,751,59,119,234014,1.00
egl-large,egl-g2-C_IF,PS_5R_best,exchange,feasible,751,2,13,44921,1.00
egl-large,egl-g2-C_IF,PS_5R_best,relocateBeforeDummy,infeasible,751,88,308,20724,1.00
egl-large,egl-g2-C_IF,PS_5R_best,relocateBeforeDummy,feasible,751,1,75,2740,1.00
egl-large,egl-g2-C_IF,PS_5R_best,crossAtDummy,infeasible,751,1116,512,10086,1.00
egl-large,egl-g2-C_IF,PS_5R_best,crossAtDummy,feasible,751,0,3,251,1.00
egl-large,egl-g2-C_IF,PS_5R_best,cross,infeasible,751,82,1052,66740,1.00
egl-large,egl-g2-C_IF,PS_5R_best,cross,feasible,751,0,26,1882,1.00
egl-large,egl-g2-C_IF,IM_best,relocate,infeasible,751,60,348,237694,1.00
egl-large,egl-g2-C_IF,IM_best,relocate,feasible,751,2,129,41581,1.00
egl-large,egl-g2-C_IF,IM_best,relocateBeforeDummy,infeasible,751,28,173,19573,1.00
egl-large,egl-g2-C_IF,IM_best,relocateBeforeDummy,feasible,751,1,34,4127,1.00
egl-large,egl-g2-C_IF,IM_best,cross,infeasible,751,192,1037,65892,1.00
egl-large,egl-g2-C_IF,IM_best,cross,feasible,751,0,20,2641,1.00
egl-large,egl-g2-C_IF,IM_best,exchange,infeasible,751,20,82,213838,1.00
egl-large,egl-g2-C_IF,IM_best,exchange,feasible,751,6,37,65145,1.00
egl-large,egl-g2-C_IF,IM_best,crossAtDummy,infeasible,751,1170,265,10298,1.00
egl-large,egl-g2-C_IF,IM_best,crossAtDummy,feasible,751,0,16,219,1.00
egl-large,egl-g2-C_IF,U_5R_best,relocate,infeasible,751,60,353,228807,1.00
egl-large,egl-g2-C_IF,U_5R_best,relocate,feasible,751,4,130,50460,1.00
egl-large,egl-g2-C_IF,U_5R_best,relocateBeforeDummy,infeasible,751,36,233,19371,1.00
egl-large,egl-g2-C_IF,U_5R_best,relocateBeforeDummy,feasible,751,1,60,4235,1.00
egl-large,egl-g2-C_IF,U_5R_best,crossAtDummy,infeasible,751,1180,412,10145,1.00
egl-large,egl-g2-C_IF,U_5R_best,crossAtDummy,feasible,751,0,9,222,1.00
egl-large,egl-g2-C_IF,U_5R_best,exchange,infeasible,751,25,41,197690,1.00
egl-large,egl-g2-C_IF,U_5R_best,exchange,feasible,751,0,22,81350,1.00
egl-large,egl-g2-C_IF,U_5R_best,cross,infeasible,751,121,1133,65284,1.00
egl-large,egl-g2-C_IF,U_5R_best,cross,feasible,751,0,26,3218,1.00
egl-large,egl-g2-D_IF,IM_best,relocate,infeasible,751,32,520,244206,1.00
egl-large,egl-g2-D_IF,IM_best,relocate,feasible,751,1,128,34937,1.00
egl-large,egl-g2-D_IF,IM_best,exchange,infeasible,751,9,91,222680,1.00
egl-large,egl-g2-D_IF,IM_best,exchange,feasible,751,5,38,56325,1.00
egl-large,egl-g2-D_IF,IM_best,relocateBeforeDummy,infeasible,751,14,292,23534,1.00
egl-large,egl-g2-D_IF,IM_best,relocateBeforeDummy,feasible,751,0,46,3790,1.00
egl-large,egl-g2-D_IF,IM_best,crossAtDummy,infeasible,751,1442,390,11777,1.00
egl-large,egl-g2-D_IF,IM_best,crossAtDummy,feasible,751,0,29,200,1.00
egl-large,egl-g2-D_IF,IM_best,cross,infeasible,751,222,1265,65826,1.00
egl-large,egl-g2-D_IF,IM_best,cross,feasible,751,0,17,2457,1.00
egl-large,egl-g2-D_IF,U_5R_best,relocate,infeasible,751,58,462,207378,1.00
egl-large,egl-g2-D_IF,U_5R_best,relocate,feasible,751,2,203,71723,1.00
egl-large,egl-g2-D_IF,U_5R_best,relocateBeforeDummy,infeasible,751,35,318,20861,1.00
egl-large,egl-g2-D_IF,U_5R_best,relocateBeforeDummy,feasible,751,1,132,7077,1.00
egl-large,egl-g2-D_IF,U_5R_best,crossAtDummy,infeasible,751,1551,411,11708,1.00
egl-large,egl-g2-D_IF,U_5R_best,crossAtDummy,feasible,751,0,48,494,1.00
egl-large,egl-g2-D_IF,U_5R_best,exchange,infeasible,751,24,61,181435,1.00
egl-large,egl-g2-D_IF,U_5R_best,exchange,feasible,751,2,35,97595,1.00
egl-large,egl-g2-D_IF,U_5R_best,cross,infeasible,751,170,1339,61927,1.00
egl-large,egl-g2-D_IF,U_5R_best,cross,feasible,751,0,34,6318,1.00
egl-large,egl-g2-D_IF,PS_5R_best,relocate,infeasible,751,355,496,255457,1.00
egl-large,egl-g2-D_IF,PS_5R_best,relocate,feasible,751,0,91,23425,1.00
egl-large,egl-g2-D_IF,PS_5R_best,relocateBeforeDummy,infeasible,751,141,377,24286,1.00
egl-large,egl-g2-D_IF,PS_5R_best,relocateBeforeDummy,feasible,751,2,65,2805,1.00
egl-large,egl-g2-D_IF,PS_5R_best,crossAtDummy,infeasible,751,1527,612,11451,1.00
egl-large,egl-g2-D_IF,PS_5R_best,crossAtDummy,feasible,751,0,7,241,1.00
egl-large,egl-g2-D_IF,PS_5R_best,exchange,infeasible,751,83,120,238601,1.00
egl-large,egl-g2-D_IF,PS_5R_best,exchange,feasible,751,1,22,40321,1.00
egl-large,egl-g2-D_IF,PS_5R_best,cross,infeasible,751,125,1309,66533,1.00
egl-large,egl-g2-D_IF,PS_5R_best,cross,feasible,751,0,23,1797,1.00
egl-large,egl-g2-E_IF,IM_best,relocate,infeasible,751,95,518,252157,1.00
egl-large,egl-g2-E_IF,IM_best,relocate,feasible,751,0,109,26955,1.00
egl-large,egl-g2-E_IF,IM_best,relocateBeforeDummy,infeasible,751,57,376,27753,1.00
egl-large,egl-g2-E_IF,IM_best,relocateBeforeDummy,feasible,751,0,54,3176,1.00
egl-large,egl-g2-E_IF,IM_best,crossAtDummy,infeasible,751,2085,380,13077,1.00
egl-large,egl-g2-E_IF,IM_best,crossAtDummy,feasible,751,0,6,160,1.00
egl-large,egl-g2-E_IF,IM_best,exchange,infeasible,751,39,94,225523,1.00
egl-large,egl-g2-E_IF,IM_best,exchange,feasible,751,2,40,53470,1.00
egl-large,egl-g2-E_IF,IM_best,cross,infeasible,751,199,1567,65623,1.00
egl-large,egl-g2-E_IF,IM_best,cross,feasible,751,0,36,2367,1.00
egl-large,egl-g2-E_IF,U_5R_best,relocate,infeasible,751,71,454,198595,1.00
egl-large,egl-g2-E_IF,U_5R_best,relocate,feasible,751,6,201,80511,1.00
egl-large,egl-g2-E_IF,U_5R_best,relocateBeforeDummy,infeasible,751,65,350,22773,1.00
egl-large,egl-g2-E_IF,U_5R_best,relocateBeforeDummy,feasible,751,2,137,9585,1.00
egl-large,egl-g2-E_IF,U_5R_best,crossAtDummy,infeasible,751,2058,534,13184,1.00
egl-large,egl-g2-E_IF,U_5R_best,crossAtDummy,feasible,751,0,33,647,1.00
egl-large,egl-g2-E_IF,U_5R_best,exchange,infeasible,751,30,51,170599,1.00
egl-large,egl-g2-E_IF,U_5R_best,exchange,feasible,751,5,32,108459,1.00
egl-large,egl-g2-E_IF,U_5R_best,cross,infeasible,751,133,1635,59979,1.00
egl-large,egl-g2-E_IF,U_5R_best,cross,feasible,751,0,74,7973,1.00
egl-large,egl-g2-E_IF,PS_5R_best,relocate,infeasible,751,165,521,244018,1.00
egl-large,egl-g2-E_IF,PS_5R_best,relocate,feasible,751,0,93,35037,1.00
egl-large,egl-g2-E_IF,PS_5R_best,exchange,infeasible,751,56,83,219721,1.00
egl-large,egl-g2-E_IF,PS_5R_best,exchange,feasible,751,3,44,59261,1.00
egl-large,egl-g2-E_IF,PS_5R_best,relocateBeforeDummy,infeasible,751,108,463,27417,1.00
egl-large,egl-g2-E_IF,PS_5R_best,relocateBeforeDummy,feasible,751,4,77,3347,1.00
egl-large,egl-g2-E_IF,PS_5R_best,crossAtDummy,infeasible,751,1865,694,12894,1.00
egl-large,egl-g2-E_IF,PS_5R_best,crossAtDummy,feasible,751,0,11,244,1.00
egl-large,egl-g2-E_IF,PS_5R_best,cross,infeasible,751,111,1537,65309,1.00
egl-large,egl-g2-E_IF,PS_5R_best,cross,feasible,751,0,14,2821,1.00
