,key,cited,X,author,year,title,journal,dwn_.,Downloaded,Benchmarks_origins,Benchmarks_used,Solution_tech,Version,exact,heuristic,EA,sol_tech
0,"WILLEMSE EJ, 2019, COMPUT OPER RES","BELENGUER JM, 2006, COMPUT OPER RES;BEULLENS P, 2003, EUR J OPER RES;CORBERAN A, 2010, NETWORKS;GOUVEIA L, 2010, COMPUT OPER RES;LACOMME P, 2004, ANN OPER RES;VIDAL T, 2017, OPER RES;WILLEMSE EJ, 2016, OPER RES LETT;WILLEMSE EJ, 2016, DATA BRIEF;WILLEMSE EJ, 2016, COMPUT OPER RES;DELL'AMICO M, 2016, TRANSP SCI;MUYLDERMANS L, 2014, ARC ROUTING: PROBLEMS, METHODS, AND APPLICATIONS;PRINS C, 2014, ARC ROUTING: PROBLEMS, METHODS, AND APPLICATIONS;SANTOS L, 2010, TRANSP RES PT B-METHODOL","WILLEMSE EJ, 2019, COMPUT OPER RES",WILLEMSE EJ;JOUBERT JW,2019,EFFICIENT LOCAL SEARCH STRATEGIES FOR THE MIXED CAPACITATED ARC ROUTING PROBLEMS UNDER TIME RESTRICTIONS WITH INTERMEDIATE FACILITIES,COMPUTERS \& OPERATIONS RESEARCH,167,1,cen-if;act-if;mval;lpr,lpr;mval;cen-IF;act-IF;lpr-IF;mval-IF-3L,LS,,False,True,False,heuristic
1,"ARAKAKI RK, 2019, COMPUT OPER RES","ARAKAKI RK, 2018, COMPUT OPER RES;BELENGUER JM, 2006, COMPUT OPER RES;BEULLENS P, 2003, EUR J OPER RES;BODE C, 2014, EUR J OPER RES;BOSCO A, 2013, OPTIM LETT;BRANDAO J, 2008, COMPUT OPER RES;GRANDINETTI L, 2012, COMPUT OPER RES;LACOMME P, 2004, ANN OPER RES;POLACEK M, 2008, J HEURISTICS;SANTOS L, 2009, COMPUT OPER RES;USBERTI FL, 2013, COMPUT OPER RES;USBERTI FL, 2011, COMPUT OPER RES;VANSTEENWEGEN P, 2010, COMPUT OPER RES;LIU G, 2014, CAN J CIV ENG;MUYLDERMANS L, 2014, ARC ROUTING: PROBLEMS, METHODS, AND APPLICATIONS;PRINS C, 2014, ARC ROUTING: PROBLEMS, METHODS, AND APPLICATIONS;SANTOS L, 2010, TRANSP RES PT B-METHODOL;TANG K, 2009, IEEE TRANS EVOL COMPUT","ARAKAKI RK, 2019, COMPUT OPER RES",ARAKAKI RK;USBERTI FL,2019,AN EFFICIENCY-BASED PATH-SCANNING HEURISTIC FOR THE CAPACITATED ARC ROUTING PROBLEM,COMPUTERS \& OPERATIONS RESEARCH,6,1,gdb;val;egl;bmcv,gdb;val;egl;bmcv,heuristic,,False,True,False,heuristic
2,"TFAILI S, 2019, RAIRO-OPER RES","BELENGUER JM, 2006, COMPUT OPER RES;BELENGUER JM, 2003, COMPUT OPER RES;BODE C, 2012, OPER RES;FOULDS L, 2015, ANN OPER RES;HERTZ A, 2000, OPER RES;LONGO H, 2006, COMPUT OPER RES;KANSOU A, 2009, CIE: 2009 INTERNATIONAL CONFERENCE ON COMPUTERS AND INDUSTRIAL ENGINEERING, VOLS 1-3","TFAILI S, 2019, RAIRO-OPER RES",TFAILI S;DKHIL H;SBIHI A;YASSINE A,2019,EFFICIENT ALGORITHMS UNDER DYNAMIC GRAPHS TO SOLVE THE CAPACITATED ARC ROUTING PROBLEM WITH FEASIBLE SPARSE GRAPH,RAIRO-OPERATIONS RESEARCH,149,1,family,family,exact,,True,False,False,exact
3,"MOFID-NAKHAEE E, 2019, WASTE MANAGE RES","AMPONSAH SK, 2004, WASTE MANAGE;BAUTISTA J, 2008, COMPUT OPER RES;BELENGUER JM, 2006, COMPUT OPER RES;CHU F, 2005, J INTELL MANUF;FLEURY G, 2005, J OPER RES SOC;GHIANI G, 2001, NETWORKS;LACOMME P, 2006, COMPUT OPER RES;LACOMME P, 2005, EUR J OPER RES;MUYLDERMANS L, 2010, COMPUT OPER RES;POLACEK M, 2008, J HEURISTICS;RIQUELME-RODRIGUEZ JP, 2014, J OPER RES SOC;WILLEMSE EJ, 2016, OPER RES LETT;WILLEMSE EJ, 2016, DATA BRIEF;WILLEMSE EJ, 2016, COMPUT OPER RES;BELENGUER JM, 2010, TRANSP SCI;LAPORTE G, 2010, TRANSP SCI;MEI Y, 2011, IEEE TRANS SYST MAN CYBERN PART B-CYBERN;MEI Y, 2011, IEEE TRANS EVOL COMPUT;MONROY IM, 2013, DISCRET APPL MATH;TANG K, 2017, IEEE T CYBERN;VECCHI TPB, 2016, PROCESS SAF ENVIRON PROTECT;WANG J, 2016, IEEE TRANS EVOL COMPUT;XING LN, 2011, IEEE TRANS SYST MAN CYBERN PART B-CYBERN","MOFID-NAKHAEE E, 2019, WASTE MANAGE RES",MOFID NAKHAEE E;BARZINPOUR F,2019,A MULTI-COMPARTMENT CAPACITATED ARC ROUTING PROBLEM WITH INTERMEDIATE FACILITIES FOR SOLID WASTE COLLECTION USING HYBRID ADAPTIVE LARGE NEIGHBORHOOD SEARCH AND WHALE ALGORITHM,WASTE MANAGEMENT \& RESEARCH,113,1,gdb;mval;lpr,gdb-IF-3L;mval-IF-3L;lpr-IF-3L,metaheuristic;adaptive-large-neighbourhood-search,,False,True,False,heuristic
4,"LI M, 2018, COMPUT IND ENG","LACOMME P, 2005, EUR J OPER RES;LOPES RB, 2014, COMPUT OPER RES;RIQUELME-RODRIGUEZ JP, 2016, COMPUT OPER RES;MONROY IM, 2013, DISCRET APPL MATH","LI M, 2018, COMPUT IND ENG",LI M;ZHEN L;WANG S;LV W;QU X,2018,UNMANNED AERIAL VEHICLE SCHEDULING PROBLEM FOR TRAFFIC MONITORING,COMPUTERS \& INDUSTRIAL ENGINEERING,89,1,real,real,exact,,True,False,False,exact
5,"TIRKOLAEE EB, 2018, WASTE MANAGE","CHU F, 2005, J INTELL MANUF;LACOMME P, 2005, EUR J OPER RES;LAPORTE G, 2010, TRANSP SCI","TIRKOLAEE EB, 2018, WASTE MANAGE",TIRKOLAEE EB;MANDAVI I;ESFAHANI MMS,2018,A ROBUST PERIODIC CAPACITATED ARC ROUTING PROBLEM FOR URBAN WASTE COLLECTION CONSIDERING DRIVERS AND CREW'S WORKING TIME,WASTE MANAGEMENT,152,1,random,random,heuristic,,False,True,False,heuristic
6,"SHANG R, 2018, NAT COMPUT","BALDACCI R, 2006, NETWORKS;BELENGUER JM, 2003, COMPUT OPER RES;BEULLENS P, 2003, EUR J OPER RES;BRANDAO J, 2008, COMPUT OPER RES;HERTZ A, 2000, OPER RES;LACOMME P, 2006, COMPUT OPER RES;LACOMME P, 2004, ANN OPER RES;LONGO H, 2006, COMPUT OPER RES;MOURAO MC, 2009, EUR J OPER RES;SANTOS L, 2009, COMPUT OPER RES;DOERNER KF, 2004, ANT COLONY OPTIMIZATION AND SWARM INTELLIGENCE, PROCEEDINGS;HERTZ A, 2001, TRANSP SCI;LACOMME P, 2001, APPLICATIONS OF EVOLUTIONARY COMPUTING, PROCEEDINGS;LACOMME P, 2001, SIMULATION IN INDUSTRY 2001;MEI Y, 2013, 2013 IEEE CONGRESS ON EVOLUTIONARY COMPUTATION (CEC);MEI Y, 2014, IEEE TRANS EVOL COMPUT;MEI Y, 2014, 2014 IEEE CONGRESS ON EVOLUTIONARY COMPUTATION (CEC);MEI Y, 2011, IEEE TRANS SYST MAN CYBERN PART B-CYBERN;MEI Y, 2011, IEEE TRANS EVOL COMPUT;MEI Y, 2011, IEEE TRANS SYST MAN CYBERN PART B-CYBERN;MEI Y, 2011, IEEE TRANS EVOL COMPUT;MEI Y, 2009, IEEE TRANS SYST MAN CYBERN PART B-CYBERN;MEI Y, 2009, 2009 IEEE CONGRESS ON EVOLUTIONARY COMPUTATION, VOLS 1-5;TANG K, 2017, IEEE T CYBERN;TANG K, 2009, IEEE TRANS EVOL COMPUT;WANG J, 2016, IEEE TRANS EVOL COMPUT","SHANG R, 2018, NAT COMPUT",SHANG R;DU B;DAI K;JIAO L;XUE Y,2018,MEMETIC ALGORITHM BASED ON EXTENSION STEP AND STATISTICAL FILTERING FOR LARGE-SCALE CAPACITATED ARC ROUTING PROBLEMS,NATURAL COMPUTING,139,1,bmcv;egl-g,bmcv;egl-g,EA,,False,False,True,EA
7,"CIANCIO C, 2018, EUR J OPER RES","ARCHETTI C, 2017, EUR J OPER RES;BACH L, 2016, NETWORKS;BACH L, 2013, COMPUT OPER RES;BALDACCI R, 2006, NETWORKS;BARTOLINI E, 2013, MATH PROGRAM;BODE C, 2012, OPER RES;BOSCO A, 2014, NETWORKS;BOSCO A, 2013, OPTIM LETT;BRAYSY O, 2011, EXPERT SYST APPL;IRNICH S, 2015, EUR J OPER RES;DELL'AMICO M, 2016, TRANSP SCI;REGHIOUI M, 2007, APPLICATIONS OF EVOLUTIONARY COMPUTING, PROCEEDINGS","CIANCIO C, 2018, EUR J OPER RES",CIANCIO C;LAGANA D;VOCATURO F,2018,BRANCH-PRICE-AND-CUT FOR THE MIXED CAPACITATED GENERAL ROUTING PROBLEM WITH TIME WINDOWS,EUROPEAN JOURNAL OF OPERATIONAL RESEARCH,39,1,gdb;val;egl;TW,BHW;TW,exact,,True,False,False,exact
8,"TIRKOLAEE EB, 2018, SUSTAINABILITY","CORBERAN A, 2010, NETWORKS;GHIANI G, 2010, J HEURISTICS;LACOMME P, 2006, COMPUT OPER RES;LACOMME P, 2005, EUR J OPER RES;FLEURY G, 2004, APPLICATIONS OF EVOLUTIONARY COMPUTING;LACOMME P, 2001, APPLICATIONS OF EVOLUTIONARY COMPUTING, PROCEEDINGS;LACOMME P, 2001, SIMULATION IN INDUSTRY 2001;LAPORTE G, 2010, TRANSP SCI","TIRKOLAEE EB, 2018, SUSTAINABILITY",TIRKOLAEE EB;HOSSEINABADI AAR;SOLTANI M;SANGAIAH AK;WANG J,2018,A HYBRID GENETIC ALGORITHM FOR MULTI-TRIP GREEN CAPACITATED ARC ROUTING PROBLEM IN THE SCOPE OF URBAN SERVICES,SUSTAINABILITY,151,1,random,random,EA,,False,False,True,EA
9,"SHANG R, 2018, MEMET COMPUT","HERTZ A, 2000, OPER RES;LACOMME P, 2004, ANN OPER RES;FENG L, 2015, IEEE TRANS EVOL COMPUT;HERTZ A, 2001, TRANSP SCI;MEI Y, 2014, IEEE TRANS EVOL COMPUT;MEI Y, 2014, 2014 IEEE CONGRESS ON EVOLUTIONARY COMPUTATION (CEC);MEI Y, 2011, IEEE TRANS SYST MAN CYBERN PART B-CYBERN;MEI Y, 2011, IEEE TRANS EVOL COMPUT;MEI Y, 2011, IEEE TRANS SYST MAN CYBERN PART B-CYBERN;MEI Y, 2011, IEEE TRANS EVOL COMPUT;MEI Y, 2009, IEEE TRANS SYST MAN CYBERN PART B-CYBERN;MEI Y, 2009, 2009 IEEE CONGRESS ON EVOLUTIONARY COMPUTATION, VOLS 1-5;TANG K, 2009, IEEE TRANS EVOL COMPUT","SHANG R, 2018, MEMET COMPUT",SHANG R;DU B;DAI K;JIAO L;ESFAHANI AMG;STOLKIN R,2018,QUANTUM-INSPIRED IMMUNE CLONAL ALGORITHM FOR SOLVING LARGE-SCALE CAPACITATED ARC ROUTING PROBLEMS,MEMETIC COMPUTING,138,1,gdb;val;bmcv,gdb;val;bmcv,EA,,False,False,True,EA
10,"ARAKAKI RK, 2018, COMPUT OPER RES","CORBERAN A, 2010, NETWORKS;LACOMME P, 2005, EUR J OPER RES;USBERTI FL, 2013, COMPUT OPER RES;USBERTI FL, 2011, COMPUT OPER RES;FUNG RYK, 2013, TRANSP RES PT E-LOGIST TRANSP REV;HERTZ A, 2005, GRAPH THEORY, COMBINATORICS AND ALGORITHMS: INTERDISCIPLINARY APPLICATIONS;LACOMME P, 2001, APPLICATIONS OF EVOLUTIONARY COMPUTING, PROCEEDINGS;LACOMME P, 2001, SIMULATION IN INDUSTRY 2001;MUYLDERMANS L, 2014, ARC ROUTING: PROBLEMS, METHODS, AND APPLICATIONS;PRINS C, 2014, ARC ROUTING: PROBLEMS, METHODS, AND APPLICATIONS;PRINS C, 2014, ARC ROUTING: PROBLEMS, METHODS, AND APPLICATIONS","ARAKAKI RK, 2018, COMPUT OPER RES",ARAKAKI RK;USBERTI FL,2018,HYBRID GENETIC ALGORITHM FOR THE OPEN CAPACITATED ARC ROUTING PROBLEM,COMPUTERS \& OPERATIONS RESEARCH,5,1,gdb;val;egl;A;B,o-gdb;o-val;o-egl;o-A;o-B,EA,,False,False,True,EA
11,"LAI Q, 2018, 2018 IEEE 14TH INTERNATIONAL CONFERENCE ON AUTOMATION SCIENCE AND ENGINEERING (CASE)","LONGO H, 2006, COMPUT OPER RES;BELENGUER JM, 2010, TRANSP SCI;LABADI N, 2008, ADVANCES IN COMPUTATIONAL INTELLIGENCE IN TRANSPORT, LOGISTICS, AND SUPPLY CHAIN MANAGEMENT;LABADI N, 2008, RECENT ADVANCES IN EVOLUTIONARY COMPUTATION FOR COMBINATORIAL OPTIMIZATION;SANTOS L, 2010, TRANSP RES PT B-METHODOL","LAI Q, 2018, 2018 IEEE 14TH INTERNATIONAL CONFERENCE ON AUTOMATION SCIENCE AND ENGINEERING (CASE)",LAI Q;ZHANG Z;JIN X;QIN H,2018,FOREST-BASED TABU SEARCH TO THE SPLIT-DELIVERY CAPACITATED ARC-ROUTING PROBLEM,2018 IEEE 14TH INTERNATIONAL CONFERENCE ON AUTOMATION SCIENCE AND ENGINEERING (CASE),86,1,val;egl,val;egl,TS,,False,True,False,heuristic
12,"WOHLK S, 2018, J OPER RES SOC","BRANDAO J, 2008, COMPUT OPER RES;HERTZ A, 2000, OPER RES;MOURAO MC, 2009, EUR J OPER RES;MOURAO MC, 2005, EUR J OPER RES;MUYLDERMANS L, 2003, J OPER RES SOC;POLACEK M, 2008, J HEURISTICS;USBERTI FL, 2013, COMPUT OPER RES;VIDAL T, 2017, OPER RES;MUYLDERMANS L, 2010, COMPUT OPER RES","WOHLK S, 2018, J OPER RES SOC",WOHLK S;LAPORTE G,2018,A FAST HEURISTIC FOR LARGE-SCALE CAPACITATED ARC ROUTING PROBLEMS,JOURNAL OF THE OPERATIONAL RESEARCH SOCIETY,169,1,F;K;N;O;S,F;K;N;O;S,heuristic,,False,True,False,heuristic
13,"TING CJ, 2018, INT J IND ENG -THEORY APPL PRACT","AMAYA A, 2007, OPER RES LETT;BEULLENS P, 2003, EUR J OPER RES;BRANDAO J, 2008, COMPUT OPER RES;CORBERAN A, 2010, NETWORKS;GHIANI G, 2001, NETWORKS;GHIANI G, 2010, J HEURISTICS;HERTZ A, 2000, OPER RES;LACOMME P, 2004, ANN OPER RES;POLACEK M, 2008, J HEURISTICS;USBERTI FL, 2013, COMPUT OPER RES;MEI Y, 2014, IEEE TRANS EVOL COMPUT;MEI Y, 2014, 2014 IEEE CONGRESS ON EVOLUTIONARY COMPUTATION (CEC);MEI Y, 2009, IEEE TRANS SYST MAN CYBERN PART B-CYBERN;MEI Y, 2009, 2009 IEEE CONGRESS ON EVOLUTIONARY COMPUTATION, VOLS 1-5;SANTOS L, 2010, TRANSP RES PT B-METHODOL;TANG K, 2009, IEEE TRANS EVOL COMPUT","TING CJ, 2018, INT J IND ENG -THEORY APPL PRACT",TING CJ;TSAI HS,2018,STREET WASHING TRUCK ROUTING WITH INTERMEDIATE REFILL FACILITIES,INTERNATIONAL JOURNAL OF INDUSTRIAL ENGINEERING-THEORY APPLICATIONS AND PRACTICE,150,1,real,real,ACO,,False,True,False,heuristic
14,"SU Z, 2018, IFAC PAPERSONLINE","BALDACCI R, 2006, NETWORKS;FOULDS L, 2015, ANN OPER RES","SU Z, 2018, IFAC PAPERSONLINE",SU Z;DE SCHUTTER B,2018,OPTIMAL SCHEDULING OF TRACK MAINTENANCE ACTIVITIES FOR RAILWAY NETWORKS,IFAC PAPERSONLINE,144,1,real,real,exact,,True,False,False,exact
15,"GONZALEZ-MARTIN S, 2018, J SIMUL","AMBERG A, 2000, EUR J OPER RES;BALDACCI R, 2006, NETWORKS;BELENGUER JM, 2003, COMPUT OPER RES;BEULLENS P, 2003, EUR J OPER RES;BRANDAO J, 2008, COMPUT OPER RES;CHRISTIANSEN CH, 2009, OPER RES LETT;FLEURY G, 2005, J OPER RES SOC;GONZALEZ-MARTIN S, 2012, AI COMMUN;GREISTORFER P, 2003, COMPUT IND ENG;HERTZ A, 2000, OPER RES;LACOMME P, 2004, ANN OPER RES;LONGO H, 2006, COMPUT OPER RES;SIPAHIOGLU A, 2010, ROBOT AUTON SYST;VANSTEENWEGEN P, 2010, COMPUT OPER RES;WOHLK S, 2006, COMPUT OPER RES;FLEURY G, 2004, APPLICATIONS OF EVOLUTIONARY COMPUTING;LACOMME P, 2004, ANN OPER RES;HERTZ A, 2001, TRANSP SCI;LACOMME P, 2001, APPLICATIONS OF EVOLUTIONARY COMPUTING, PROCEEDINGS;LACOMME P, 2001, SIMULATION IN INDUSTRY 2001;LAPORTE G, 2010, TRANSP SCI","GONZALEZ-MARTIN S, 2018, J SIMUL",GONZALEZ MARTIN S;JUAN AA;RIERA D;ELIZONDO MG;RAMOS JJ,2018,A SIMHEURISTIC ALGORITHM FOR SOLVING THE ARC ROUTING PROBLEM WITH STOCHASTIC DEMANDS,JOURNAL OF SIMULATION,63,1,gdb,s-gdb,heuristic,,False,True,False,heuristic
16,"CHEN Y, 2018, EUR J OPER RES","BEULLENS P, 2003, EUR J OPER RES;BRANDAO J, 2008, COMPUT OPER RES;CHU F, 2005, EUR J OPER RES;HERTZ A, 2000, OPER RES;LACOMME P, 2005, EUR J OPER RES;LACOMME P, 2004, ANN OPER RES;LONGO H, 2006, COMPUT OPER RES;MARTINELLI R, 2013, COMPUT OPER RES;POLACEK M, 2008, J HEURISTICS;HERTZ A, 2001, TRANSP SCI;MEI Y, 2014, IEEE TRANS EVOL COMPUT;MEI Y, 2014, 2014 IEEE CONGRESS ON EVOLUTIONARY COMPUTATION (CEC);MEI Y, 2011, IEEE TRANS SYST MAN CYBERN PART B-CYBERN;MEI Y, 2011, IEEE TRANS EVOL COMPUT;MEI Y, 2009, IEEE TRANS SYST MAN CYBERN PART B-CYBERN;MEI Y, 2009, 2009 IEEE CONGRESS ON EVOLUTIONARY COMPUTATION, VOLS 1-5;SANTOS L, 2010, TRANSP RES PT B-METHODOL;TANG K, 2009, IEEE TRANS EVOL COMPUT","CHEN Y, 2018, EUR J OPER RES",CHEN Y;HAO JK,2018,TWO PHASED HYBRID LOCAL SEARCH FOR THE PERIODIC CAPACITATED ARC ROUTING PROBLEM,EUROPEAN JOURNAL OF OPERATIONAL RESEARCH,34,1,gdb;val;egl-g,pgdb;pval;pegl-g;,hybrid-local-search,,False,True,False,heuristic
17,"TANG K, 2017, IEEE T CYBERN","BEULLENS P, 2003, EUR J OPER RES;BRANDAO J, 2008, COMPUT OPER RES;CHU F, 2005, EUR J OPER RES;LACOMME P, 2005, EUR J OPER RES;LACOMME P, 2004, ANN OPER RES;LONGO H, 2006, COMPUT OPER RES;MEI Y, 2014, 2014 IEEE CONGRESS ON EVOLUTIONARY COMPUTATION (CEC);MEI Y, 2013, 2013 IEEE CONGRESS ON EVOLUTIONARY COMPUTATION (CEC);POLACEK M, 2008, J HEURISTICS;LACOMME P, 2001, APPLICATIONS OF EVOLUTIONARY COMPUTING, PROCEEDINGS;LACOMME P, 2001, SIMULATION IN INDUSTRY 2001;MEI Y, 2014, IEEE TRANS EVOL COMPUT;MEI Y, 2014, 2014 IEEE CONGRESS ON EVOLUTIONARY COMPUTATION (CEC);TANG K, 2009, IEEE TRANS EVOL COMPUT","TANG K, 2017, IEEE T CYBERN",TANG K;WANG J;LI X;YAO X,2017,A SCALABLE APPROACH TO CAPACITATED ARC ROUTING PROBLEMS BASED ON HIERARCHICAL DECOMPOSITION,IEEE TRANSACTIONS ON CYBERNETICS,148,1,hefei;beijing;egl-g,hefei;beijing;egl-g,heuristic,,False,True,False,heuristic
18,"VAN BEVERN R, 2017, NETWORKS","BELENGUER JM, 2006, COMPUT OPER RES;BRANDAO J, 2008, COMPUT OPER RES;GOUVEIA L, 2010, COMPUT OPER RES;MOURAO MC, 2005, EUR J OPER RES;BODE C, 2015, TRANSP SCI","VAN BEVERN R, 2017, NETWORKS",VAN BEVERN R;KOMUSIEWICZ C;SORGE M,2017,A PARAMETERIZED APPROXIMATION ALGORITHM FOR THE MIXED AND WINDY CAPACITATED ARC ROUTING PROBLEM: THEORY AND EXPERIMENTS,NETWORKS,156,1,lpr;mval,lpr;mval;ob-lpr;ob-egl,heuristic,,False,True,False,heuristic
19,"VIDAL T, 2017, OPER RES","BACH L, 2013, COMPUT OPER RES;BALDACCI R, 2006, NETWORKS;BEULLENS P, 2003, EUR J OPER RES;BODE C, 2012, OPER RES;BOSCO A, 2014, NETWORKS;BOSCO A, 2013, OPTIM LETT;BRANDAO J, 2008, COMPUT OPER RES;BRAYSY O, 2011, EXPERT SYST APPL;CHU F, 2005, EUR J OPER RES;GREISTORFER P, 2003, COMPUT IND ENG;HERTZ A, 2000, OPER RES;IRNICH S, 2015, EUR J OPER RES;LACOMME P, 2005, EUR J OPER RES;LACOMME P, 2004, ANN OPER RES;LETCHFORD AN, 2009, COMPUT OPER RES;MARTINELLI R, 2013, COMPUT OPER RES;MEI Y, 2013, 2013 IEEE CONGRESS ON EVOLUTIONARY COMPUTATION (CEC);POLACEK M, 2008, J HEURISTICS;USBERTI FL, 2013, COMPUT OPER RES;BAUTISTA J, 2004, ANT COLONY OPTIMIZATION AND SWARM INTELLIGENCE, PROCEEDINGS;DELL'AMICO M, 2016, TRANSP SCI;HERTZ A, 2001, TRANSP SCI;LACOMME P, 2001, APPLICATIONS OF EVOLUTIONARY COMPUTING, PROCEEDINGS;LACOMME P, 2001, SIMULATION IN INDUSTRY 2001;MEI Y, 2014, IEEE TRANS EVOL COMPUT;MEI Y, 2014, 2014 IEEE CONGRESS ON EVOLUTIONARY COMPUTATION (CEC);MEI Y, 2011, IEEE TRANS SYST MAN CYBERN PART B-CYBERN;MEI Y, 2011, IEEE TRANS EVOL COMPUT;MEI Y, 2009, IEEE TRANS SYST MAN CYBERN PART B-CYBERN;MEI Y, 2009, 2009 IEEE CONGRESS ON EVOLUTIONARY COMPUTATION, VOLS 1-5;SANTOS L, 2010, TRANSP RES PT B-METHODOL;TANG K, 2009, IEEE TRANS EVOL COMPUT","VIDAL T, 2017, OPER RES",VIDAL T,2017,"NODE, EDGE, ARC ROUTING AND TURN PENALTIES: MULTIPLE PROBLEMS-ONE NEIGHBORHOOD EXTENSION",OPERATIONS RESEARCH,159,1,gdb;val;bmcv;egl;egl-l;MGGDB;MGVAL;CBMix;DI-NEARP,gdb;val;bmcv;egl;egl-l;MGGDB;MGVAL;CBMix;BHW;DI-NEARP,EA,,False,False,True,EA
20,"ARCHETTI C, 2017, EUR J OPER RES","BACH L, 2013, COMPUT OPER RES;BELENGUER JM, 2003, COMPUT OPER RES;BERALDI P, 2015, EUR J OPER RES;BOSCO A, 2014, NETWORKS;BOSCO A, 2013, OPTIM LETT;IRNICH S, 2015, EUR J OPER RES","ARCHETTI C, 2017, EUR J OPER RES",ARCHETTI C;BERTAZZI L;LAGANA D;VOCATURO F,2017,THE UNDIRECTED CAPACITATED GENERAL ROUTING PROBLEM WITH PROFITS,EUROPEAN JOURNAL OF OPERATIONAL RESEARCH,8,1,gdb;val,p-ggdb;p-gval,exact,,True,False,False,exact
21,"ZHANG Y, 2017, APPL SOFT COMPUT","BEULLENS P, 2003, EUR J OPER RES;BRANDAO J, 2008, COMPUT OPER RES;CHU F, 2005, J INTELL MANUF;CHU F, 2005, EUR J OPER RES;CORBERAN A, 2010, NETWORKS;HERTZ A, 2000, OPER RES;LACOMME P, 2006, COMPUT OPER RES;LACOMME P, 2005, EUR J OPER RES;LACOMME P, 2004, ANN OPER RES;LONGO H, 2006, COMPUT OPER RES;POLACEK M, 2008, J HEURISTICS;RIQUELME-RODRIGUEZ JP, 2014, J OPER RES SOC;DOERNER KF, 2004, ANT COLONY OPTIMIZATION AND SWARM INTELLIGENCE, PROCEEDINGS;HERTZ A, 2001, TRANSP SCI;MEI Y, 2014, IEEE TRANS EVOL COMPUT;MEI Y, 2014, 2014 IEEE CONGRESS ON EVOLUTIONARY COMPUTATION (CEC);MEI Y, 2011, IEEE TRANS SYST MAN CYBERN PART B-CYBERN;MEI Y, 2011, IEEE TRANS EVOL COMPUT;MEI Y, 2011, IEEE TRANS SYST MAN CYBERN PART B-CYBERN;MEI Y, 2011, IEEE TRANS EVOL COMPUT;MEI Y, 2009, IEEE TRANS SYST MAN CYBERN PART B-CYBERN;MEI Y, 2009, 2009 IEEE CONGRESS ON EVOLUTIONARY COMPUTATION, VOLS 1-5;MEI Y, 2009, IEEE TRANS SYST MAN CYBERN PART B-CYBERN;MEI Y, 2009, 2009 IEEE CONGRESS ON EVOLUTIONARY COMPUTATION, VOLS 1-5;MONROY IM, 2013, DISCRET APPL MATH;TANG K, 2009, IEEE TRANS EVOL COMPUT","ZHANG Y, 2017, APPL SOFT COMPUT",ZHANG Y;MEI Y;TANG K;JIANG K,2017,MEMETIC ALGORITHM WITH ROUTE DECOMPOSING FOR PERIODIC CAPACITATED ARC ROUTING PROBLEM,APPLIED SOFT COMPUTING,179,1,gdb;val;egl-l,gdb;val;egl-l,EA,,False,False,True,EA
22,"PORUMBEL D, 2017, EUR J OPER RES","BALDACCI R, 2006, NETWORKS;BARTOLINI E, 2013, MATH PROGRAM;BELENGUER JM, 2003, COMPUT OPER RES;BEULLENS P, 2003, EUR J OPER RES;BODE C, 2012, OPER RES;BRANDAO J, 2008, COMPUT OPER RES;GREISTORFER P, 2003, COMPUT IND ENG;HERTZ A, 2000, OPER RES;LACOMME P, 2004, ANN OPER RES;LETCHFORD AN, 2009, COMPUT OPER RES;LONGO H, 2006, COMPUT OPER RES;MARTINELLI R, 2013, COMPUT OPER RES;POLACEK M, 2008, J HEURISTICS;PORUMBEL D, 2016, MATH PROGRAM;HERTZ A, 2001, TRANSP SCI;LACOMME P, 2001, APPLICATIONS OF EVOLUTIONARY COMPUTING, PROCEEDINGS;LACOMME P, 2001, SIMULATION IN INDUSTRY 2001;MARTINELLI R, 2011, EXPERIMENTAL ALGORITHMS;MEI Y, 2009, IEEE TRANS SYST MAN CYBERN PART B-CYBERN;MEI Y, 2009, 2009 IEEE CONGRESS ON EVOLUTIONARY COMPUTATION, VOLS 1-5;PRINS C, 2014, ARC ROUTING: PROBLEMS, METHODS, AND APPLICATIONS;TANG K, 2009, IEEE TRANS EVOL COMPUT","PORUMBEL D, 2017, EUR J OPER RES",PORUMBEL D;GONCALVES G;ALLAOUI H;HSU T,2017,ITERATED LOCAL SEARCH AND COLUMN GENERATION TO SOLVE ARC-ROUTING AS A PERMUTATION SET-COVERING PROBLEM,EUROPEAN JOURNAL OF OPERATIONAL RESEARCH,123,1,gdb;val;egl;bmcv;egl-g,gdb;val;egl;bmcv;egl-g,LS,,False,True,False,heuristic
23,"YAO T, 2017, 2017 IEEE 20TH INTERNATIONAL CONFERENCE ON INTELLIGENT TRANSPORTATION SYSTEMS (ITSC)","LACOMME P, 2004, ANN OPER RES;TANG K, 2009, IEEE TRANS EVOL COMPUT","YAO T, 2017, 2017 IEEE 20TH INTERNATIONAL CONFERENCE ON INTELLIGENT TRANSPORTATION SYSTEMS (ITSC)",YAO T;YAO X;HAN S;WANG Y;CAO D;WANG F,2017,MEMETIC ALGORITHM WITH ADAPTIVE LOCAL SEARCH FOR CAPACITATED ARC ROUTING PROBLEM,2017 IEEE 20TH INTERNATIONAL CONFERENCE ON INTELLIGENT TRANSPORTATION SYSTEMS (ITSC),173,1,egl-l,egl-l,EA,,False,False,True,EA
24,"SOLID K, 2017, PROCEEDINGS OF 2017 INTERNATIONAL CONFERENCE ON INDUSTRIAL DESIGN ENGINEERING (ICIDE 2017)","RIQUELME-RODRIGUEZ JP, 2014, J OPER RES SOC","SOLID K, 2017, PROCEEDINGS OF 2017 INTERNATIONAL CONFERENCE ON INDUSTRIAL DESIGN ENGINEERING (ICIDE 2017)",SOLID K;KOMARUDIN K,2017,WATER TRUCK ROUTING AND SCHEDULING OPTIMIZATION IN MINING OPERATIONS WITH INVENTORY FUNCTION BASED ON MIXED INTEGER LINEAR PROGRAMMING,PROCEEDINGS OF 2017 INTERNATIONAL CONFERENCE ON INDUSTRIAL DESIGN ENGINEERING (ICIDE 2017),143,1,real,real,exact,,True,False,False,exact
25,"SHANG R, 2016, APPL SOFT COMPUT","BALDACCI R, 2006, NETWORKS;BELENGUER JM, 2003, COMPUT OPER RES;BEULLENS P, 2003, EUR J OPER RES;BRANDAO J, 2008, COMPUT OPER RES;GRANDINETTI L, 2012, COMPUT OPER RES;HERTZ A, 2000, OPER RES;LACOMME P, 2006, COMPUT OPER RES;LACOMME P, 2004, ANN OPER RES;LONGO H, 2006, COMPUT OPER RES;MANDAL SK, 2015, J HEURISTICS;FENG L, 2015, IEEE TRANS EVOL COMPUT;GRANDINETTI L, 2010, EXPERIMENTAL ALGORITHMS, PROCEEDINGS;MEI Y, 2014, IEEE TRANS EVOL COMPUT;MEI Y, 2014, 2014 IEEE CONGRESS ON EVOLUTIONARY COMPUTATION (CEC);MEI Y, 2011, IEEE TRANS SYST MAN CYBERN PART B-CYBERN;MEI Y, 2011, IEEE TRANS EVOL COMPUT;TANG K, 2009, IEEE TRANS EVOL COMPUT","SHANG R, 2016, APPL SOFT COMPUT",SHANG R;DU B;MA H;JIAO L;XUE Y;STOLKIN R,2016,IMMUNE CLONAL ALGORITHM BASED ON DIRECTED EVOLUTION FOR MULTI-OBJECTIVE CAPACITATED ARC ROUTING PROBLEM,APPLIED SOFT COMPUTING,135,1,gdb;kshs;bmcv;egl,gdb;kshs;bmcv;egl,EA,,False,False,True,EA
26,"RIQUELME-RODRIGUEZ JP, 2016, COMPUT OPER RES","AMAYA A, 2007, OPER RES LETT;CHU F, 2005, J INTELL MANUF;CHU F, 2005, EUR J OPER RES;LACOMME P, 2005, EUR J OPER RES;LOPES RB, 2014, COMPUT OPER RES;RIQUELME-RODRIGUEZ JP, 2014, J OPER RES SOC;RIQUELME-RODRIGUEZ JP, 2014, NETWORKS;MONROY IM, 2013, DISCRET APPL MATH","RIQUELME-RODRIGUEZ JP, 2016, COMPUT OPER RES",RIQUELME RODRIGUEZ JP;GAMACHE M;LANGEVIN A,2016,LOCATION ARC ROUTING PROBLEM WITH INVENTORY CONSTRAINTS,COMPUTERS \& OPERATIONS RESEARCH,128,1,mine,mine,adaptive-large-neighbourhood-search,,False,True,False,heuristic
27,"CORTINHAL MJ, 2016, EUR J OPER RES","BELENGUER JM, 2006, COMPUT OPER RES;CONSTANTINO M, 2015, EUR J OPER RES;CORBERAN A, 2010, NETWORKS;GOUVEIA L, 2010, COMPUT OPER RES;LACOMME P, 2004, ANN OPER RES;MOURAO MC, 2009, EUR J OPER RES;MUYLDERMANS L, 2003, J OPER RES SOC;LACOMME P, 2001, APPLICATIONS OF EVOLUTIONARY COMPUTING, PROCEEDINGS;LACOMME P, 2001, SIMULATION IN INDUSTRY 2001","CORTINHAL MJ, 2016, EUR J OPER RES",CORTINHAL MJ;MOURAO MC;NUNES AC,2016,LOCAL SEARCH HEURISTICS FOR SECTORING ROUTING IN A HOUSEHOLD WASTE COLLECTION CONTEXT,EUROPEAN JOURNAL OF OPERATIONAL RESEARCH,44,1,lpr;seix,slpr;seix,TS;hill-climbing,,False,True,False,heuristic
28,"DELL'AMICO M, 2016, TRANSP SCI","BACH L, 2013, COMPUT OPER RES;BEULLENS P, 2003, EUR J OPER RES;BOSCO A, 2014, NETWORKS;BOSCO A, 2013, OPTIM LETT;BRANDAO J, 2008, COMPUT OPER RES;CORBERAN A, 2010, NETWORKS;IRNICH S, 2015, EUR J OPER RES;LACOMME P, 2004, ANN OPER RES;MANDAL SK, 2015, J HEURISTICS;POLACEK M, 2008, J HEURISTICS;WOHLK S, 2006, COMPUT OPER RES;LACOMME P, 2004, ANN OPER RES;MARTINELLI R, 2011, EXPERIMENTAL ALGORITHMS;PRINS C, 2014, ARC ROUTING: PROBLEMS, METHODS, AND APPLICATIONS;SANTOS L, 2010, TRANSP RES PT B-METHODOL","DELL'AMICO M, 2016, TRANSP SCI",DELL AMICO M;DIAZ JCD;HASLE G;IORI M,2016,AN ADAPTIVE ITERATED LOCAL SEARCH FOR THE MIXED CAPACITATED GENERAL ROUTING PROBLEM,TRANSPORTATION SCIENCE,46,1,CBMix;gdb;val;egl;DI-NEARP,CBMix;BHW;DI-NEARP,iterative-local-search,,False,True,False,heuristic
29,"BACH L, 2016, NETWORKS","BACH L, 2013, COMPUT OPER RES;BARTOLINI E, 2013, MATH PROGRAM;BELENGUER JM, 2003, COMPUT OPER RES;BODE C, 2014, EUR J OPER RES;BODE C, 2012, OPER RES;BOSCO A, 2014, NETWORKS;BOSCO A, 2013, OPTIM LETT;IRNICH S, 2015, EUR J OPER RES;LETCHFORD AN, 2009, COMPUT OPER RES;LONGO H, 2006, COMPUT OPER RES;BODE C, 2015, TRANSP SCI","BACH L, 2016, NETWORKS",BACH L;LYSGAARD J;WOHLK S,2016,A BRANCH-AND-CUT-AND-PRICE ALGORITHM FOR THE MIXED CAPACITATED GENERAL ROUTING PROBLEM,NETWORKS,10,1,CBMix;gdb;val;egl;,CBMix;mgval;mggdb;BHW,exact,,True,False,False,exact
30,"CONSOLI PA, 2016, SOFT COMPUT","BEULLENS P, 2003, EUR J OPER RES;BRANDAO J, 2008, COMPUT OPER RES;MARTINELLI R, 2013, COMPUT OPER RES;MEI Y, 2014, 2014 IEEE CONGRESS ON EVOLUTIONARY COMPUTATION (CEC);CONSOLI PA, 2014, SIMULATED EVOLUTION AND LEARNING (SEAL 2014);MEI Y, 2014, IEEE TRANS EVOL COMPUT;MEI Y, 2014, 2014 IEEE CONGRESS ON EVOLUTIONARY COMPUTATION (CEC);TANG K, 2009, IEEE TRANS EVOL COMPUT","CONSOLI PA, 2016, SOFT COMPUT",CONSOLI PA;MEI Y;MINKU LL;YAO X,2016,DYNAMIC SELECTION OF EVOLUTIONARY OPERATORS BASED ON ONLINE LEARNING AND FITNESS LANDSCAPE ANALYSIS,SOFT COMPUTING,41,1,egl;bmcv;egl-g,egl;bmcv;egl-g,EA,,False,False,True,EA
31,"WILLEMSE EJ, 2016, OPER RES LETT","BELENGUER JM, 2006, COMPUT OPER RES;CORBERAN A, 2010, NETWORKS;GHIANI G, 2001, NETWORKS;LACOMME P, 2004, ANN OPER RES;WILLEMSE EJ, 2016, COMPUT OPER RES;PRINS C, 2014, ARC ROUTING: PROBLEMS, METHODS, AND APPLICATIONS;TANG K, 2009, IEEE TRANS EVOL COMPUT","WILLEMSE EJ, 2016, OPER RES LETT",WILLEMSE EJ;JOUBERT JW,2016,SPLITTING PROCEDURES FOR THE MIXED CAPACITATED ARC ROUTING PROBLEM UNDER TIME RESTRICTIONS WITH INTERMEDIATE FACILITIES,OPERATIONS RESEARCH LETTERS,166,1,cen-if;lpr,cen-IF;lpr-IF,heuristic,,False,True,False,heuristic
32,"CHEN Y, 2016, EUR J OPER RES","BALDACCI R, 2006, NETWORKS;BARTOLINI E, 2013, MATH PROGRAM;BEULLENS P, 2003, EUR J OPER RES;BODE C, 2012, OPER RES;BRANDAO J, 2008, COMPUT OPER RES;HERTZ A, 2000, OPER RES;LACOMME P, 2004, ANN OPER RES;MARTINELLI R, 2013, COMPUT OPER RES;POLACEK M, 2008, J HEURISTICS;USBERTI FL, 2013, COMPUT OPER RES;HERTZ A, 2001, TRANSP SCI;MEI Y, 2014, IEEE TRANS EVOL COMPUT;MEI Y, 2014, 2014 IEEE CONGRESS ON EVOLUTIONARY COMPUTATION (CEC);MEI Y, 2009, IEEE TRANS SYST MAN CYBERN PART B-CYBERN;MEI Y, 2009, 2009 IEEE CONGRESS ON EVOLUTIONARY COMPUTATION, VOLS 1-5;SANTOS L, 2010, TRANSP RES PT B-METHODOL;TANG K, 2009, IEEE TRANS EVOL COMPUT","CHEN Y, 2016, EUR J OPER RES",CHEN Y;HAO JK;GLOVER F,2016,A HYBRID METAHEURISTIC APPROACH FOR THE CAPACITATED ARC ROUTING PROBLEM,EUROPEAN JOURNAL OF OPERATIONAL RESEARCH,33,1,gdb;val;egl;bmcv;egl-g,gdb;val;egl;bmcv;egl-g,EA,,False,False,True,EA
33,"VECCHI TPB, 2016, PROCESS SAF ENVIRON PROTECT","BEULLENS P, 2003, EUR J OPER RES;CORBERAN A, 2010, NETWORKS;HERTZ A, 2000, OPER RES;LONGO H, 2006, COMPUT OPER RES;MOURAO MC, 2005, EUR J OPER RES;USBERTI FL, 2011, COMPUT OPER RES;BELENGUER JM, 2010, TRANSP SCI;LAPORTE G, 2010, TRANSP SCI;LACOMME P, 2001, APPLICATIONS OF EVOLUTIONARY COMPUTING, PROCEEDINGS;LACOMME P, 2001, SIMULATION IN INDUSTRY 2001","VECCHI TPB, 2016, PROCESS SAF ENVIRON PROTECT",VECCHI TPB;SURCO DF;CONSTANTINO AA;STEINER MTA;JORGE LMM;RAVAGNANI MASS;PARAISO PR,2016,A SEQUENTIAL APPROACH FOR THE OPTIMIZATION OF TRUCK ROUTES FOR SOLID WASTE COLLECTION,PROCESS SAFETY AND ENVIRONMENTAL PROTECTION,158,1,real,real,heuristic,,False,True,False,heuristic
34,"HALVORSEN-WEARE EE, 2016, EUR J OPER RES","BACH L, 2013, COMPUT OPER RES;BERALDI P, 2015, EUR J OPER RES;BOSCO A, 2013, OPTIM LETT;GRANDINETTI L, 2012, COMPUT OPER RES;LACOMME P, 2006, COMPUT OPER RES;MANDAL SK, 2015, J HEURISTICS;LACOMME P, 2003, EVOLUTIONARY MULTI-CRITERION OPTIMIZATION, PROCEEDINGS;MEI Y, 2011, IEEE TRANS SYST MAN CYBERN PART B-CYBERN;MEI Y, 2011, IEEE TRANS EVOL COMPUT","HALVORSEN-WEARE EE, 2016, EUR J OPER RES",HALVORSEN WEARE EE;SAVELSBERGH MWP,2016,THE BI-OBJECTIVE MIXED CAPACITATED GENERAL ROUTING PROBLEM WITH DIFFERENT ROUTE BALANCE CRITERIA,EUROPEAN JOURNAL OF OPERATIONAL RESEARCH,68,1,gdb,mggdb,exact,,True,False,False,exact
35,"SHANG R, 2016, SOFT COMPUT","BALDACCI R, 2006, NETWORKS;BELENGUER JM, 2003, COMPUT OPER RES;BEULLENS P, 2003, EUR J OPER RES;BRANDAO J, 2008, COMPUT OPER RES;GREISTORFER P, 2003, COMPUT IND ENG;HERTZ A, 2000, OPER RES;LACOMME P, 2006, COMPUT OPER RES;LACOMME P, 2004, ANN OPER RES;LONGO H, 2006, COMPUT OPER RES;SANTOS L, 2009, COMPUT OPER RES;USBERTI FL, 2013, COMPUT OPER RES;HERTZ A, 2001, TRANSP SCI;MEI Y, 2011, IEEE TRANS SYST MAN CYBERN PART B-CYBERN;MEI Y, 2011, IEEE TRANS EVOL COMPUT;MEI Y, 2009, IEEE TRANS SYST MAN CYBERN PART B-CYBERN;MEI Y, 2009, 2009 IEEE CONGRESS ON EVOLUTIONARY COMPUTATION, VOLS 1-5;MEI Y, 2009, IEEE TRANS SYST MAN CYBERN PART B-CYBERN;MEI Y, 2009, 2009 IEEE CONGRESS ON EVOLUTIONARY COMPUTATION, VOLS 1-5;TANG K, 2009, IEEE TRANS EVOL COMPUT","SHANG R, 2016, SOFT COMPUT",SHANG R;MA H;WANG J;JIAO L;STOLKIN R,2016,IMMUNE CLONAL SELECTION ALGORITHM FOR CAPACITATED ARC ROUTING PROBLEM,SOFT COMPUTING,137,1,gdb;egl;val,gdb;egl;val,EA,,False,False,True,EA
36,"SHANG R, 2016, IEEE T CYBERN","BEULLENS P, 2003, EUR J OPER RES;BRANDAO J, 2008, COMPUT OPER RES;LACOMME P, 2006, COMPUT OPER RES;MARTINELLI R, 2013, COMPUT OPER RES;MEI Y, 2013, 2013 IEEE CONGRESS ON EVOLUTIONARY COMPUTATION (CEC);FENG L, 2015, IEEE TRANS EVOL COMPUT;MEI Y, 2014, IEEE TRANS EVOL COMPUT;MEI Y, 2014, 2014 IEEE CONGRESS ON EVOLUTIONARY COMPUTATION (CEC);MEI Y, 2011, IEEE TRANS SYST MAN CYBERN PART B-CYBERN;MEI Y, 2011, IEEE TRANS EVOL COMPUT;XING LN, 2011, IEEE TRANS SYST MAN CYBERN PART B-CYBERN;MEI Y, 2011, IEEE TRANS SYST MAN CYBERN PART B-CYBERN;MEI Y, 2011, IEEE TRANS EVOL COMPUT;MEI Y, 2009, IEEE TRANS SYST MAN CYBERN PART B-CYBERN;MEI Y, 2009, 2009 IEEE CONGRESS ON EVOLUTIONARY COMPUTATION, VOLS 1-5;REGHIOUI M, 2007, APPLICATIONS OF EVOLUTIONARY COMPUTING, PROCEEDINGS;TANG K, 2009, IEEE TRANS EVOL COMPUT","SHANG R, 2016, IEEE T CYBERN",SHANG R;DAI K;JIAO L;STOLKIN R,2016,IMPROVED MEMETIC ALGORITHM BASED ON ROUTE DISTANCE GROUPING FOR MULTIOBJECTIVE LARGE SCALE CAPACITATED ARC ROUTING PROBLEMS,IEEE TRANSACTIONS ON CYBERNETICS,136,1,gdb;val;egl;egl-g;bmcv,gdb;val;egl;egl-g;bmcv,EA,,False,False,True,EA
37,"WILLEMSE EJ, 2016, COMPUT OPER RES","BARTOLINI E, 2013, MATH PROGRAM;BAUTISTA J, 2008, COMPUT OPER RES;BELENGUER JM, 2006, COMPUT OPER RES;BELENGUER JM, 2003, COMPUT OPER RES;BODE C, 2012, OPER RES;BRANDAO J, 2008, COMPUT OPER RES;CHU F, 2005, EUR J OPER RES;CONSTANTINO M, 2015, EUR J OPER RES;CORBERAN A, 2010, NETWORKS;DOULABI SHH, 2013, EUR J OPER RES;GHIANI G, 2001, NETWORKS;GHIANI G, 2010, J HEURISTICS;GOUVEIA L, 2010, COMPUT OPER RES;GRANDINETTI L, 2012, COMPUT OPER RES;LACOMME P, 2004, ANN OPER RES;MARTINELLI R, 2013, COMPUT OPER RES;MOURAO MC, 2009, EUR J OPER RES;MOURAO MC, 2005, EUR J OPER RES;MUYLDERMANS L, 2010, COMPUT OPER RES;POLACEK M, 2008, J HEURISTICS;SANTOS L, 2009, COMPUT OPER RES;USBERTI FL, 2013, COMPUT OPER RES;MEI Y, 2014, IEEE TRANS EVOL COMPUT;MEI Y, 2014, 2014 IEEE CONGRESS ON EVOLUTIONARY COMPUTATION (CEC)","WILLEMSE EJ, 2016, COMPUT OPER RES",WILLEMSE EJ;JOUBERT JW,2016,CONSTRUCTIVE HEURISTICS FOR THE MIXED CAPACITY ARC ROUTING PROBLEM UNDER TIME RESTRICTIONS WITH INTERMEDIATE FACILITIES,COMPUTERS \& OPERATIONS RESEARCH,164,1,cen-IF;act-IF;mval;gdb;val;lpr,cen-IF;act-IF;lpr-IF;mval-IF-3L;bccm-IF-3L;gdb-IF-3L;bccm-IF;gdb-IF,heuristic,,False,True,False,heuristic
38,"WANG J, 2016, IEEE TRANS EVOL COMPUT","BALDACCI R, 2006, NETWORKS;BEULLENS P, 2003, EUR J OPER RES;CHRISTIANSEN CH, 2009, OPER RES LETT;FLEURY G, 2005, J OPER RES SOC;LACOMME P, 2006, COMPUT OPER RES;LACOMME P, 2004, ANN OPER RES;LONGO H, 2006, COMPUT OPER RES;WANG J, 2013, 2013 IEEE WORKSHOP ON MEMETIC COMPUTING (MC);FLEURY G, 2004, APPLICATIONS OF EVOLUTIONARY COMPUTING;MEI Y, 2014, IEEE TRANS EVOL COMPUT;MEI Y, 2014, 2014 IEEE CONGRESS ON EVOLUTIONARY COMPUTATION (CEC);MEI Y, 2011, IEEE TRANS SYST MAN CYBERN PART B-CYBERN;MEI Y, 2011, IEEE TRANS EVOL COMPUT;PRINS C, 2014, ARC ROUTING: PROBLEMS, METHODS, AND APPLICATIONS;REGHIOUI M, 2007, APPLICATIONS OF EVOLUTIONARY COMPUTING, PROCEEDINGS;TANG K, 2009, IEEE TRANS EVOL COMPUT","WANG J, 2016, IEEE TRANS EVOL COMPUT",WANG J;TANG K;LOZANO JA;YAO X,2016,ESTIMATION OF THE DISTRIBUTION ALGORITHM WITH A STOCHASTIC LOCAL SEARCH FOR UNCERTAIN CAPACITATED ARC ROUTING PROBLEMS,IEEE TRANSACTIONS ON EVOLUTIONARY COMPUTATION,161,1,gdb;val,ugdb;uval,heuristic,,False,True,False,heuristic
39,"YE Z, 2016, 2016 IEEE CONGRESS ON EVOLUTIONARY COMPUTATION (CEC)","TANG K, 2009, IEEE TRANS EVOL COMPUT","YE Z, 2016, 2016 IEEE CONGRESS ON EVOLUTIONARY COMPUTATION (CEC)",YE Z;FENG L;ONG YS;LIU K;CHEN C;SHA E,2016,A PRELIMINARY STUDY ON DISTANCE SELECTION IN PROBABILISTIC MEMETIC FRAMEWORK FOR CAPACITATED ARC ROUTING PROBLEM,2016 IEEE CONGRESS ON EVOLUTIONARY COMPUTATION (CEC),176,1,egl,egl,EA,,False,False,True,EA
40,"BENSEDIRA B, 2016, PROCEEDINGS OF 2016 8TH INTERNATIONAL CONFERENCE ON MODELLING, IDENTIFICATION \& CONTROL (ICMIC 2016)","BARTOLINI E, 2013, MATH PROGRAM;BEULLENS P, 2003, EUR J OPER RES;LACOMME P, 2004, ANN OPER RES;LONGO H, 2006, COMPUT OPER RES","BENSEDIRA B, 2016, PROCEEDINGS OF 2016 8TH INTERNATIONAL CONFERENCE ON MODELLING, IDENTIFICATION \& CONTROL (ICMIC 2016)",BENSEDIRA B;LAYEB A;BOUZOUBIA S;HABBAS Z,2016,CRO-CARP: A CHEMICAL REACTION OPTIMIZATION FOR CAPACITATED ARC ROUTING PROBLEM,"PROCEEDINGS OF 2016 8TH INTERNATIONAL CONFERENCE ON MODELLING, IDENTIFICATION \& CONTROL (ICMIC 2016)",21,1,val,val,new-meta,,False,True,False,heuristic
41,"RAMIRO LOPEZ-SANTANA E, 2016, INTELLIGENT COMPUTING THEORIES AND APPLICATION, ICIC 2016, PT II","AMAYA A, 2007, OPER RES LETT;AMAYA CA, 2010, J OPER RES SOC;BALDACCI R, 2006, NETWORKS;BELENGUER JM, 2006, COMPUT OPER RES;BELENGUER JM, 2003, COMPUT OPER RES;BEULLENS P, 2003, EUR J OPER RES;CHU F, 2005, EUR J OPER RES;HERTZ A, 2000, OPER RES;LACOMME P, 2006, COMPUT OPER RES;LONGO H, 2006, COMPUT OPER RES;FUNG RYK, 2013, TRANSP RES PT E-LOGIST TRANSP REV;HERTZ A, 2001, TRANSP SCI;LACOMME P, 2003, EVOLUTIONARY MULTI-CRITERION OPTIMIZATION, PROCEEDINGS;LIU M, 2014, TRANSP RES PT C-EMERG TECHNOL;LIU M, 2014, 2014 IEEE CONGRESS ON EVOLUTIONARY COMPUTATION (CEC);LIU M, 2014, 2014 IEEE CONGRESS ON EVOLUTIONARY COMPUTATION (CEC)-a;REGHIOUI M, 2007, APPLICATIONS OF EVOLUTIONARY COMPUTING, PROCEEDINGS","RAMIRO LOPEZ-SANTANA E, 2016, INTELLIGENT COMPUTING THEORIES AND APPLICATION, ICIC 2016, PT II",RAMIRO LOPEZ SANTANA E;ANDRES MENDEZ GIRALDO G;ALBERTO FRANCO FRANCO C,2016,A HYBRID SCATTER SEARCH ALGORITHM TO SOLVE THE CAPACITATED ARC ROUTING PROBLEM WITH REFILL POINTS,"INTELLIGENT COMPUTING THEORIES AND APPLICATION, ICIC 2016, PT II",124,1,val,rp-val,scatter-search,,False,True,False,heuristic
42,"PORUMBEL D, 2016, MATH PROGRAM","BARTOLINI E, 2013, MATH PROGRAM;LETCHFORD AN, 2009, COMPUT OPER RES","PORUMBEL D, 2016, MATH PROGRAM",PORUMBEL D,2016,RAY PROJECTION FOR OPTIMIZING POLYTOPES WITH PROHIBITIVELY MANY CONSTRAINTS IN SET-COVERING COLUMN GENERATION,MATHEMATICAL PROGRAMMING,122,1,gdb;val;egl,gdb;val;egl,exact,,True,False,False,exact
43,"PADUNGWECH W, 2016, HYBRID METAHEURISTICS (HM 2016)","BEULLENS P, 2003, EUR J OPER RES;BRANDAO J, 2008, COMPUT OPER RES;GREISTORFER P, 2003, COMPUT IND ENG;HERTZ A, 2000, OPER RES;LACOMME P, 2004, ANN OPER RES;POLACEK M, 2008, J HEURISTICS;FU H, 2010, 2010 IEEE CONGRESS ON EVOLUTIONARY COMPUTATION (CEC);SANTOS L, 2010, TRANSP RES PT B-METHODOL;TANG K, 2009, IEEE TRANS EVOL COMPUT","PADUNGWECH W, 2016, HYBRID METAHEURISTICS (HM 2016)",PADUNGWECH W;THOMPSON J;LEWIS R,2016,INVESTIGATING EDGE-REORDERING PROCEDURES IN A TABU SEARCH ALGORITHM FOR THE CAPACITATED ARC ROUTING PROBLEM,HYBRID METAHEURISTICS (HM 2016),119,1,egl;bmcv;egl-g,egl;bmcv;egl-g,TS,,False,True,False,heuristic
44,"WANG Z, 2015, APPL SOFT COMPUT","BEULLENS P, 2003, EUR J OPER RES;BRANDAO J, 2008, COMPUT OPER RES;HERTZ A, 2000, OPER RES;LACOMME P, 2004, ANN OPER RES;MARTINELLI R, 2013, COMPUT OPER RES;POLACEK M, 2008, J HEURISTICS;HERTZ A, 2001, TRANSP SCI;MARTINELLI R, 2011, EXPERIMENTAL ALGORITHMS;MEI Y, 2014, IEEE TRANS EVOL COMPUT;MEI Y, 2014, 2014 IEEE CONGRESS ON EVOLUTIONARY COMPUTATION (CEC);MEI Y, 2009, IEEE TRANS SYST MAN CYBERN PART B-CYBERN;MEI Y, 2009, 2009 IEEE CONGRESS ON EVOLUTIONARY COMPUTATION, VOLS 1-5;MEI Y, 2009, IEEE TRANS SYST MAN CYBERN PART B-CYBERN;MEI Y, 2009, 2009 IEEE CONGRESS ON EVOLUTIONARY COMPUTATION, VOLS 1-5;SANTOS L, 2010, TRANSP RES PT B-METHODOL;TANG K, 2009, IEEE TRANS EVOL COMPUT","WANG Z, 2015, APPL SOFT COMPUT",WANG Z;JIN H;TIAN M,2015,RANK-BASED MEMETIC ALGORITHM FOR CAPACITATED ARC ROUTING PROBLEMS,APPLIED SOFT COMPUTING,162,1,gdb;val;bmcv,gdb;val;bmcv,EA,,False,False,True,EA
45,"FENG L, 2015, IEEE TRANS EVOL COMPUT","MEI Y, 2011, IEEE TRANS SYST MAN CYBERN PART B-CYBERN;MEI Y, 2011, IEEE TRANS EVOL COMPUT;MEI Y, 2011, IEEE TRANS SYST MAN CYBERN PART B-CYBERN;MEI Y, 2011, IEEE TRANS EVOL COMPUT;MEI Y, 2009, IEEE TRANS SYST MAN CYBERN PART B-CYBERN;MEI Y, 2009, 2009 IEEE CONGRESS ON EVOLUTIONARY COMPUTATION, VOLS 1-5;MEI Y, 2009, IEEE TRANS SYST MAN CYBERN PART B-CYBERN;MEI Y, 2009, 2009 IEEE CONGRESS ON EVOLUTIONARY COMPUTATION, VOLS 1-5;TANG K, 2009, IEEE TRANS EVOL COMPUT","FENG L, 2015, IEEE TRANS EVOL COMPUT",FENG L;ONG YS;LIM MH;TSANG IW,2015,MEMETIC SEARCH WITH INTERDOMAIN LEARNING: A REALIZATION BETWEEN CVRP AND CARP,IEEE TRANSACTIONS ON EVOLUTIONARY COMPUTATION,54,1,egl,egl,EA,,False,False,True,EA
46,"CONSTANTINO M, 2015, EUR J OPER RES","AMAYA A, 2007, OPER RES LETT;BAUTISTA J, 2008, COMPUT OPER RES;BELENGUER JM, 2006, COMPUT OPER RES;BENAVENT E, 2015, TOP;CORBERAN A, 2010, NETWORKS;GOUVEIA L, 2010, COMPUT OPER RES;MOURAO MC, 2009, EUR J OPER RES;MOURAO MC, 2005, EUR J OPER RES;MUYLDERMANS L, 2003, J OPER RES SOC","CONSTANTINO M, 2015, EUR J OPER RES",CONSTANTINO M;GOUVEIA L;MOURAO MC;NUNES AC,2015,THE MIXED CAPACITATED ARC ROUTING PROBLEM WITH NON-OVERLAPPING ROUTES,EUROPEAN JOURNAL OF OPERATIONAL RESEARCH,42,1,mval;lpr,mval;lpr,exact,,True,False,False,exact
47,"KRUSHINSKY D, 2015, EUR J OPER RES","BARTOLINI E, 2013, OPER RES;BELENGUER JM, 2003, COMPUT OPER RES;BODE C, 2014, EUR J OPER RES;BODE C, 2012, OPER RES;CORBERAN A, 2010, NETWORKS;LONGO H, 2006, COMPUT OPER RES","KRUSHINSKY D, 2015, EUR J OPER RES",KRUSHINSKY D;VAN WOENSEL T,2015,AN APPROACH TO THE ASYMMETRIC MULTI-DEPOT CAPACITATED ARC ROUTING PROBLEM,EUROPEAN JOURNAL OF OPERATIONAL RESEARCH,77,1,val;egl;t;real,val;egl;chic;cord;dach;kyiv;mons;ny;rome;tour;tue;vypas,exact,,True,False,False,exact
48,"MANDAL SK, 2015, J HEURISTICS","BACH L, 2013, COMPUT OPER RES;BOSCO A, 2013, OPTIM LETT;LACOMME P, 2006, COMPUT OPER RES","MANDAL SK, 2015, J HEURISTICS",MANDAL SK;PACCIARELLI D;LOKKETANGEN A;HASLE G,2015,A MEMETIC NSGA-II FOR THE BI-OBJECTIVE MIXED CAPACITATED GENERAL ROUTING PROBLEM,JOURNAL OF HEURISTICS,99,1,CBMix,CBMix,EA,,False,False,True,EA
49,"IRNICH S, 2015, EUR J OPER RES","BACH L, 2013, COMPUT OPER RES;BELENGUER JM, 2006, COMPUT OPER RES;BELENGUER JM, 2003, COMPUT OPER RES;BOSCO A, 2014, NETWORKS;BOSCO A, 2013, OPTIM LETT;BRAYSY O, 2011, EXPERT SYST APPL;GOUVEIA L, 2010, COMPUT OPER RES","IRNICH S, 2015, EUR J OPER RES",IRNICH S;LAGANA D;SCHLEBUSCH C;VOCATURO F,2015,TWO-PHASE BRANCH-AND-CUT FOR THE MIXED CAPACITATED GENERAL ROUTING PROBLEM,EUROPEAN JOURNAL OF OPERATIONAL RESEARCH,73,1,gdb;val,mgval;mggdb,exact,,True,False,False,exact
50,"BODE C, 2015, TRANSP SCI","BARTOLINI E, 2013, OPER RES;BARTOLINI E, 2013, MATH PROGRAM;BELENGUER JM, 2003, COMPUT OPER RES;BEULLENS P, 2003, EUR J OPER RES;BODE C, 2012, OPER RES;BRANDAO J, 2008, COMPUT OPER RES;CORBERAN A, 2010, NETWORKS;LETCHFORD AN, 2009, COMPUT OPER RES;LONGO H, 2006, COMPUT OPER RES;MARTINELLI R, 2013, COMPUT OPER RES;POLACEK M, 2008, J HEURISTICS;LACOMME P, 2001, APPLICATIONS OF EVOLUTIONARY COMPUTING, PROCEEDINGS;LACOMME P, 2001, SIMULATION IN INDUSTRY 2001;MARTINELLI R, 2011, EXPERIMENTAL ALGORITHMS;PRINS C, 2014, ARC ROUTING: PROBLEMS, METHODS, AND APPLICATIONS;SANTOS L, 2010, TRANSP RES PT B-METHODOL","BODE C, 2015, TRANSP SCI",BODE C;IRNICH S,2015,IN-DEPTH ANALYSIS OF PRICING PROBLEM RELAXATIONS FOR THE CAPACITATED ARC-ROUTING PROBLEM,TRANSPORTATION SCIENCE,26,1,val;egl;bmcv,val;egl;bmcv,exact,,True,False,False,exact
51,"BENAVENT E, 2015, TOP","ARCHETTI C, 2010, COMPUT OPER RES;BELENGUER JM, 2006, COMPUT OPER RES;GOUVEIA L, 2010, COMPUT OPER RES;ZACHARIADIS EE, 2011, EUR J OPER RES","BENAVENT E, 2015, TOP",BENAVENT E;CORBERAN A;GOUVEIA L;MOURAO MC;PINTO LS,2015,PROFITABLE MIXED CAPACITATED ARC ROUTING AND RELATED PROBLEMS,TOP,20,1,alba;madri;alda;mval;val,alba;madri;alda;pmval,exact,,True,False,False,exact
52,"FOULDS L, 2015, ANN OPER RES","BALDACCI R, 2006, NETWORKS;LONGO H, 2006, COMPUT OPER RES;FU H, 2010, 2010 IEEE CONGRESS ON EVOLUTIONARY COMPUTATION (CEC);MARTINELLI R, 2011, EXPERIMENTAL ALGORITHMS;SANTOS L, 2010, TRANSP RES PT B-METHODOL","FOULDS L, 2015, ANN OPER RES",FOULDS L;LONGO H;MARTINS J,2015,A COMPACT TRANSFORMATION OF ARC ROUTING PROBLEMS INTO NODE ROUTING PROBLEMS,ANNALS OF OPERATIONS RESEARCH,57,1,egl,lpr;val,exact,,True,False,False,exact
53,"RODRIGUES AM, 2015, NETWORKS","AMAYA A, 2007, OPER RES LETT;AMPONSAH SK, 2004, WASTE MANAGE;BAUTISTA J, 2008, COMPUT OPER RES;BELENGUER JM, 2006, COMPUT OPER RES;CHU F, 2005, EUR J OPER RES;CORBERAN A, 2010, NETWORKS;GHIANI G, 2001, NETWORKS;GOUVEIA L, 2010, COMPUT OPER RES;LACOMME P, 2006, COMPUT OPER RES;LACOMME P, 2004, ANN OPER RES;LETCHFORD AN, 2009, COMPUT OPER RES;LONGO H, 2006, COMPUT OPER RES;MOURAO MC, 2009, EUR J OPER RES;MUYLDERMANS L, 2003, J OPER RES SOC;POLACEK M, 2008, J HEURISTICS;FLEURY G, 2004, APPLICATIONS OF EVOLUTIONARY COMPUTING","RODRIGUES AM, 2015, NETWORKS",RODRIGUES AM;FERREIRA JS,2015,WASTE COLLECTION ROUTING-LIMITED MULTIPLE LANDFILLS AND HETEROGENEOUS FLEET,NETWORKS,129,1,gdb;mval;AltoMinho,gdb-lml;mval-lml;AltoMinho,exact,,True,False,False,exact
54,"BERALDI P, 2015, EUR J OPER RES","BELENGUER JM, 2003, COMPUT OPER RES;BOSCO A, 2013, OPTIM LETT;LAPORTE G, 2010, TRANSP SCI","BERALDI P, 2015, EUR J OPER RES",BERALDI P;BRUNI ME;LAGANA D;MUSMANNO R,2015,THE MIXED CAPACITATED GENERAL ROUTING PROBLEM UNDER UNCERTAINTY,EUROPEAN JOURNAL OF OPERATIONAL RESEARCH,22,1,gdb,mggdbsd,exact,,True,False,False,exact
55,"RODRIGUES AM, 2015, OPERATIONAL RESEARCH: IO 2013 - XVI CONGRESS OF APDIO","CHU F, 2005, EUR J OPER RES;GHIANI G, 2001, NETWORKS;GOUVEIA L, 2010, COMPUT OPER RES;LACOMME P, 2006, COMPUT OPER RES;LACOMME P, 2004, ANN OPER RES;LETCHFORD AN, 2009, COMPUT OPER RES;LONGO H, 2006, COMPUT OPER RES;MOURAO MC, 2009, EUR J OPER RES;RODRIGUES AM, 2015, NETWORKS;FLEURY G, 2004, APPLICATIONS OF EVOLUTIONARY COMPUTING","RODRIGUES AM, 2015, OPERATIONAL RESEARCH: IO 2013 - XVI CONGRESS OF APDIO",RODRIGUES AM;SOEIRO FERREIRA J,2015,SECTORS AND ROUTES IN SOLID WASTE COLLECTION,OPERATIONAL RESEARCH: IO 2013 - XVI CONGRESS OF APDIO,130,1,real,real,heuristic,,False,True,False,heuristic
56,"ZHANG W, 2015, KNOWLEDGE SCIENCE, ENGINEERING AND MANAGEMENT, KSEM 2015","BRANDAO J, 2008, COMPUT OPER RES;POLACEK M, 2008, J HEURISTICS;LIU M, 2014, TRANSP RES PT C-EMERG TECHNOL;LIU M, 2014, 2014 IEEE CONGRESS ON EVOLUTIONARY COMPUTATION (CEC);LIU M, 2014, 2014 IEEE CONGRESS ON EVOLUTIONARY COMPUTATION (CEC)-a;SANTOS L, 2010, TRANSP RES PT B-METHODOL","ZHANG W, 2015, KNOWLEDGE SCIENCE, ENGINEERING AND MANAGEMENT, KSEM 2015",ZHANG W;XING L;XI T;HE L;LIU J,2015,A PARTITIONING ALGORITHM FOR SOLVING CAPACITATED ARC ROUTING PROBLEM IN WAYS OF RANKING FIRST CUTTING SECOND,"KNOWLEDGE SCIENCE, ENGINEERING AND MANAGEMENT, KSEM 2015",178,1,gdb;val,gdb;val,heuristic,,False,True,False,heuristic
57,"LIU T, 2014, FLEX SERV MANUF J","AMBERG A, 2000, EUR J OPER RES;BEULLENS P, 2003, EUR J OPER RES;BRANDAO J, 2008, COMPUT OPER RES;CORBERAN A, 2010, NETWORKS;HERTZ A, 2000, OPER RES;LACOMME P, 2004, ANN OPER RES;HERTZ A, 2001, TRANSP SCI;LACOMME P, 2001, APPLICATIONS OF EVOLUTIONARY COMPUTING, PROCEEDINGS;LACOMME P, 2001, SIMULATION IN INDUSTRY 2001;MEI Y, 2011, IEEE TRANS SYST MAN CYBERN PART B-CYBERN;MEI Y, 2011, IEEE TRANS EVOL COMPUT;SANTOS L, 2010, TRANSP RES PT B-METHODOL;TANG K, 2009, IEEE TRANS EVOL COMPUT","LIU T, 2014, FLEX SERV MANUF J",LIU T;JIANG Z;GENG N,2014,A GENETIC LOCAL SEARCH ALGORITHM FOR THE MULTI-DEPOT HETEROGENEOUS FLEET CAPACITATED ARC ROUTING PROBLEM,FLEXIBLE SERVICES AND MANUFACTURING JOURNAL,96,1,gdb;val;egl,mdh-gdb;mdh-val;mdh-egl,EA,,False,False,True,EA
58,"BOSCO A, 2014, NETWORKS","BACH L, 2013, COMPUT OPER RES;BELENGUER JM, 2006, COMPUT OPER RES;BOSCO A, 2013, OPTIM LETT;LETCHFORD AN, 2009, COMPUT OPER RES","BOSCO A, 2014, NETWORKS",BOSCO A;LAGANA D;MUSMANNO R;VOCATURO F,2014,A MATHEURISTIC ALGORITHM FOR THE MIXED CAPACITATED GENERAL ROUTING PROBLEM,NETWORKS,28,1,gdb;val;CBMix,CBMix;mggdb;mgval,matheuristic,,False,True,False,heuristic
59,"RIQUELME-RODRIGUEZ JP, 2014, J OPER RES SOC","CHU F, 2005, J INTELL MANUF;CHU F, 2005, EUR J OPER RES;LACOMME P, 2005, EUR J OPER RES;MEI Y, 2011, IEEE TRANS SYST MAN CYBERN PART B-CYBERN;MEI Y, 2011, IEEE TRANS EVOL COMPUT;MONROY IM, 2013, DISCRET APPL MATH","RIQUELME-RODRIGUEZ JP, 2014, J OPER RES SOC",RIQUELME RODRIGUEZ JP;GAMACHE M;LANGEVIN A,2014,PERIODIC CAPACITATED ARC-ROUTING PROBLEM WITH INVENTORY CONSTRAINTS,JOURNAL OF THE OPERATIONAL RESEARCH SOCIETY,126,1,gdb;jpr,gdbj;jpr,exact,,True,False,False,exact
60,"BODE C, 2014, EUR J OPER RES","BARTOLINI E, 2013, OPER RES;BEULLENS P, 2003, EUR J OPER RES;BODE C, 2012, OPER RES;CORBERAN A, 2010, NETWORKS;LETCHFORD AN, 2009, COMPUT OPER RES","BODE C, 2014, EUR J OPER RES",BODE C;IRNICH S,2014,"THE SHORTEST-PATH PROBLEM WITH RESOURCE CONSTRAINTS WITH (K, 2)-LOOP ELIMINATION AND ITS APPLICATION TO THE CAPACITATED ARC-ROUTING PROBLEM",EUROPEAN JOURNAL OF OPERATIONAL RESEARCH,25,1,val;egl;bmcv,val;egl;bmcv,exact,,True,False,False,exact
61,"RIQUELME-RODRIGUEZ JP, 2014, NETWORKS","CHU F, 2005, J INTELL MANUF;CHU F, 2005, EUR J OPER RES;LACOMME P, 2005, EUR J OPER RES;MEI Y, 2011, IEEE TRANS SYST MAN CYBERN PART B-CYBERN;MEI Y, 2011, IEEE TRANS EVOL COMPUT;MONROY IM, 2013, DISCRET APPL MATH","RIQUELME-RODRIGUEZ JP, 2014, NETWORKS",RIQUELME RODRIGUEZ JP;LANGEVIN A;GAMACHE M,2014,ADAPTIVE LARGE NEIGHBORHOOD SEARCH FOR THE PERIODIC CAPACITATED ARC ROUTING PROBLEM WITH INVENTORY CONSTRAINTS,NETWORKS,127,1,gdb;mine,gdbj;mine,adaptive-large-neighbourhood-search,,False,True,False,heuristic
62,"SHANG R, 2014, INF SCI","BEULLENS P, 2003, EUR J OPER RES;BRANDAO J, 2008, COMPUT OPER RES;GREISTORFER P, 2003, COMPUT IND ENG;HERTZ A, 2000, OPER RES;LACOMME P, 2006, COMPUT OPER RES;LACOMME P, 2005, EUR J OPER RES;LACOMME P, 2004, ANN OPER RES;POLACEK M, 2008, J HEURISTICS;HERTZ A, 2001, TRANSP SCI;MEI Y, 2011, IEEE TRANS SYST MAN CYBERN PART B-CYBERN;MEI Y, 2011, IEEE TRANS EVOL COMPUT;MEI Y, 2009, IEEE TRANS SYST MAN CYBERN PART B-CYBERN;MEI Y, 2009, 2009 IEEE CONGRESS ON EVOLUTIONARY COMPUTATION, VOLS 1-5;TANG K, 2009, IEEE TRANS EVOL COMPUT","SHANG R, 2014, INF SCI",SHANG R;WANG Y;WANG J;JIAO L;WANG S;QI L,2014,A MULTI-POPULATION COOPERATIVE COEVOLUTIONARY ALGORITHM FOR MULTI-OBJECTIVE CAPACITATED ARC ROUTING PROBLEM,INFORMATION SCIENCES,134,1,gdb;val;egl;egl-g,gdb;val;egl;egl-g,EA,,False,False,True,EA
63,"LIU G, 2014, CAN J CIV ENG","BRANDAO J, 2008, COMPUT OPER RES;HERTZ A, 2000, OPER RES;LACOMME P, 2006, COMPUT OPER RES;LACOMME P, 2005, EUR J OPER RES;LACOMME P, 2004, ANN OPER RES;HAGHANI A, 2001, TRANSPORTATION NETWORK MODELING 2001: PLANNING AND ADMINIATRATION;SANTOS L, 2010, TRANSP RES PT B-METHODOL;TANG K, 2009, IEEE TRANS EVOL COMPUT","LIU G, 2014, CAN J CIV ENG",LIU G;GE Y;QIU TZ;SOLEYMANI HR,2014,OPTIMIZATION OF SNOW PLOWING COST AND TIME IN AN URBAN ENVIRONMENT: A CASE STUDY FOR THE CITY OF EDMONTON,CANADIAN JOURNAL OF CIVIL ENGINEERING,90,1,real,real,exact,,True,False,False,exact
64,"MEI Y, 2014, IEEE TRANS EVOL COMPUT","AMBERG A, 2000, EUR J OPER RES;BALDACCI R, 2006, NETWORKS;BARTOLINI E, 2013, MATH PROGRAM;BELENGUER JM, 2003, COMPUT OPER RES;BEULLENS P, 2003, EUR J OPER RES;BRANDAO J, 2008, COMPUT OPER RES;CHU F, 2005, EUR J OPER RES;GHIANI G, 2001, NETWORKS;LACOMME P, 2005, EUR J OPER RES;LACOMME P, 2004, ANN OPER RES;LONGO H, 2006, COMPUT OPER RES;MARTINELLI R, 2013, COMPUT OPER RES;POLACEK M, 2008, J HEURISTICS;MEI Y, 2011, IEEE TRANS SYST MAN CYBERN PART B-CYBERN;MEI Y, 2011, IEEE TRANS EVOL COMPUT;MEI Y, 2011, IEEE TRANS SYST MAN CYBERN PART B-CYBERN;MEI Y, 2011, IEEE TRANS EVOL COMPUT;MEI Y, 2009, IEEE TRANS SYST MAN CYBERN PART B-CYBERN;MEI Y, 2009, 2009 IEEE CONGRESS ON EVOLUTIONARY COMPUTATION, VOLS 1-5;MEI Y, 2009, IEEE TRANS SYST MAN CYBERN PART B-CYBERN;MEI Y, 2009, 2009 IEEE CONGRESS ON EVOLUTIONARY COMPUTATION, VOLS 1-5;SANTOS L, 2010, TRANSP RES PT B-METHODOL;TANG K, 2009, IEEE TRANS EVOL COMPUT","MEI Y, 2014, IEEE TRANS EVOL COMPUT",MEI Y;LI X;YAO X,2014,COOPERATIVE COEVOLUTION WITH ROUTE DISTANCE GROUPING FOR LARGE-SCALE CAPACITATED ARC ROUTING PROBLEMS,IEEE TRANSACTIONS ON EVOLUTIONARY COMPUTATION,111,1,egl-g,egl-g,EA,,False,False,True,EA
65,"LIU M, 2014, TRANSP RES PT C-EMERG TECHNOL","AMBERG A, 2000, EUR J OPER RES;AMPONSAH SK, 2004, WASTE MANAGE;BAUTISTA J, 2008, COMPUT OPER RES;BEULLENS P, 2003, EUR J OPER RES;BRANDAO J, 2008, COMPUT OPER RES;CHU F, 2005, EUR J OPER RES;GHIANI G, 2001, NETWORKS;LACOMME P, 2005, EUR J OPER RES;LACOMME P, 2004, ANN OPER RES;MARTINELLI R, 2013, COMPUT OPER RES;MEI Y, 2013, 2013 IEEE CONGRESS ON EVOLUTIONARY COMPUTATION (CEC);MOURAO MC, 2005, EUR J OPER RES;POLACEK M, 2008, J HEURISTICS;SANTOS L, 2009, COMPUT OPER RES;TAGMOUTI M, 2010, COMPUT IND ENG;LAPORTE G, 2010, TRANSP SCI;MARTINELLI R, 2011, EXPERIMENTAL ALGORITHMS;MEI Y, 2009, IEEE TRANS SYST MAN CYBERN PART B-CYBERN;MEI Y, 2009, 2009 IEEE CONGRESS ON EVOLUTIONARY COMPUTATION, VOLS 1-5;PRINS C, 2014, ARC ROUTING: PROBLEMS, METHODS, AND APPLICATIONS;TAGMOUTI M, 2011, TRANSP RES PT C-EMERG TECHNOL;TANG K, 2009, IEEE TRANS EVOL COMPUT","LIU M, 2014, TRANSP RES PT C-EMERG TECHNOL",LIU M;SINGH HK;RAY T,2014,APPLICATION SPECIFIC INSTANCE GENERATOR AND A MEMETIC ALGORITHM FOR CAPACITATED ARC ROUTING PROBLEMS,TRANSPORTATION RESEARCH PART C-EMERGING TECHNOLOGIES,94,1,random,random,EA,,False,False,True,EA
66,"SHANG R, 2014, APPL SOFT COMPUT","AMBERG A, 2000, EUR J OPER RES;BEULLENS P, 2003, EUR J OPER RES;BRANDAO J, 2008, COMPUT OPER RES;CHU F, 2005, EUR J OPER RES;GREISTORFER P, 2003, COMPUT IND ENG;HERTZ A, 2000, OPER RES;LACOMME P, 2006, COMPUT OPER RES;LACOMME P, 2004, ANN OPER RES;USBERTI FL, 2013, COMPUT OPER RES;XU H, 2011, EXPERT SYST APPL;LAPORTE G, 2010, TRANSP SCI;MEI Y, 2009, IEEE TRANS SYST MAN CYBERN PART B-CYBERN;MEI Y, 2009, 2009 IEEE CONGRESS ON EVOLUTIONARY COMPUTATION, VOLS 1-5;MEI Y, 2009, IEEE TRANS SYST MAN CYBERN PART B-CYBERN;MEI Y, 2009, 2009 IEEE CONGRESS ON EVOLUTIONARY COMPUTATION, VOLS 1-5;MEI Y, 2011, IEEE TRANS SYST MAN CYBERN PART B-CYBERN;MEI Y, 2011, IEEE TRANS EVOL COMPUT;XING LN, 2011, IEEE TRANS SYST MAN CYBERN PART B-CYBERN;MEI Y, 2011, IEEE TRANS SYST MAN CYBERN PART B-CYBERN;MEI Y, 2011, IEEE TRANS EVOL COMPUT;TANG K, 2009, IEEE TRANS EVOL COMPUT","SHANG R, 2014, APPL SOFT COMPUT",SHANG R;WANG J;JIAO L;WANG Y,2014,AN IMPROVED DECOMPOSITION-BASED MEMETIC ALGORITHM FOR MULTI-OBJECTIVE CAPACITATED ARC ROUTING PROBLEM,APPLIED SOFT COMPUTING,133,1,gdb;val;egl,gdb;val;egl,EA,,False,False,True,EA
67,"CHEN L, 2014, TRANSP RES PT E-LOGIST TRANSP REV","BRANDAO J, 2008, COMPUT OPER RES;CHRISTIANSEN CH, 2009, OPER RES LETT;CORBERAN A, 2010, NETWORKS;FLEURY G, 2005, J OPER RES SOC;FLEURY G, 2004, APPLICATIONS OF EVOLUTIONARY COMPUTING;LAPORTE G, 2010, TRANSP SCI;TAGMOUTI M, 2011, TRANSP RES PT C-EMERG TECHNOL","CHEN L, 2014, TRANSP RES PT E-LOGIST TRANSP REV",CHEN L;MINH HOANG HA MHH;LANGEVIN A;GENDREAU M,2014,OPTIMIZING ROAD NETWORK DAILY MAINTENANCE OPERATIONS WITH STOCHASTIC SERVICE AND TRAVEL TIMES,TRANSPORTATION RESEARCH PART E-LOGISTICS AND TRANSPORTATION REVIEW,32,1,real,real,exact;adaptive-large-neighbourhood-search,,True,True,False,heuristic
68,"YAZICI A, 2014, IEEE T CYBERN","SIPAHIOGLU A, 2010, ROBOT AUTON SYST;YAZICI A, 2009, 2009 IEEE-RSJ INTERNATIONAL CONFERENCE ON INTELLIGENT ROBOTS AND SYSTEMS;XING LN, 2011, IEEE TRANS SYST MAN CYBERN PART B-CYBERN","YAZICI A, 2014, IEEE T CYBERN",YAZICI A;KIRLIK G;PARLAKTUNA O;SIPAHIOGLU A,2014,A DYNAMIC PATH PLANNING APPROACH FOR MULTIROBOT SENSOR-BASED COVERAGE CONSIDERING ENERGY CONSTRAINTS,IEEE TRANSACTIONS ON CYBERNETICS,175,1,real,real,heuristic,,False,True,False,heuristic
69,"LOPES RB, 2014, COMPUT OPER RES","AMAYA A, 2007, OPER RES LETT;BALDACCI R, 2006, NETWORKS;BELENGUER JM, 2006, COMPUT OPER RES;BEULLENS P, 2003, EUR J OPER RES;LONGO H, 2006, COMPUT OPER RES;POLACEK M, 2008, J HEURISTICS","LOPES RB, 2014, COMPUT OPER RES",LOPES RB;PLASTRIA F;FERREIRA C;SANTOS BS,2014,LOCATION-ARC ROUTING PROBLEM: HEURISTIC APPROACHES AND TEST INSTANCES,COMPUTERS \& OPERATIONS RESEARCH,98,1,gdb;val;egl,larp-gdb;larp-val;larp-egl,VNS;TS;adaptive-large-neighbourhood-search;,,False,True,False,heuristic
70,"LIU M, 2014, 2014 IEEE CONGRESS ON EVOLUTIONARY COMPUTATION (CEC)-a","LACOMME P, 2004, ANN OPER RES;TAGMOUTI M, 2011, TRANSP RES PT C-EMERG TECHNOL;TANG K, 2009, IEEE TRANS EVOL COMPUT","LIU M, 2014, 2014 IEEE CONGRESS ON EVOLUTIONARY COMPUTATION (CEC)-a",LIU M;SINGH HK;RAY T,2014,A MEMETIC ALGORITHM WITH A NEW SPLIT SCHEME FOR SOLVING DYNAMIC CAPACITATED ARC ROUTING PROBLEMS,2014 IEEE CONGRESS ON EVOLUTIONARY COMPUTATION (CEC),93,1,random,random,EA,,False,False,True,EA
71,"MEI Y, 2014, 2014 IEEE CONGRESS ON EVOLUTIONARY COMPUTATION (CEC)","AMBERG A, 2000, EUR J OPER RES;BALDACCI R, 2006, NETWORKS;BARTOLINI E, 2013, MATH PROGRAM;BELENGUER JM, 2003, COMPUT OPER RES;BRANDAO J, 2008, COMPUT OPER RES;CHU F, 2005, EUR J OPER RES;GHIANI G, 2001, NETWORKS;LACOMME P, 2005, EUR J OPER RES;MARTINELLI R, 2013, COMPUT OPER RES;POLACEK M, 2008, J HEURISTICS;MEI Y, 2014, IEEE TRANS EVOL COMPUT;MEI Y, 2014, 2014 IEEE CONGRESS ON EVOLUTIONARY COMPUTATION (CEC);MEI Y, 2011, IEEE TRANS SYST MAN CYBERN PART B-CYBERN;MEI Y, 2011, IEEE TRANS EVOL COMPUT;MEI Y, 2009, IEEE TRANS SYST MAN CYBERN PART B-CYBERN;MEI Y, 2009, 2009 IEEE CONGRESS ON EVOLUTIONARY COMPUTATION, VOLS 1-5;TANG K, 2009, IEEE TRANS EVOL COMPUT","MEI Y, 2014, 2014 IEEE CONGRESS ON EVOLUTIONARY COMPUTATION (CEC)",MEI Y;LI X;YAO X,2014,VARIABLE NEIGHBORHOOD DECOMPOSITION FOR LARGE SCALE CAPACITATED ARC ROUTING PROBLEM,2014 IEEE CONGRESS ON EVOLUTIONARY COMPUTATION (CEC),110,1,egl-g,egl-g,variable-neighbourhood-decomposition,,False,True,False,heuristic
72,"CONSOLI PA, 2014, SIMULATED EVOLUTION AND LEARNING (SEAL 2014)","BEULLENS P, 2003, EUR J OPER RES;TANG K, 2009, IEEE TRANS EVOL COMPUT","CONSOLI PA, 2014, SIMULATED EVOLUTION AND LEARNING (SEAL 2014)",CONSOLI PA;MINKU LL;YAO X,2014,DYNAMIC SELECTION OF EVOLUTIONARY ALGORITHM OPERATORS BASED ON ONLINE LEARNING AND FITNESS LANDSCAPE METRICS,SIMULATED EVOLUTION AND LEARNING (SEAL 2014),40,1,egl;bmcv;egl-g,egl;bmcv;egl-g,EA,,False,False,True,EA
73,"SINGH AP, 2014, 2014 47TH HAWAII INTERNATIONAL CONFERENCE ON SYSTEM SCIENCES (HICSS)","AMPONSAH SK, 2004, WASTE MANAGE","SINGH AP, 2014, 2014 47TH HAWAII INTERNATIONAL CONFERENCE ON SYSTEM SCIENCES (HICSS)",SINGH AP;RUHE G;ABBAS S;AMEREEI H;BANACK S,2014,DECISION SUPPORT FOR CAPACITATED ARC ROUTING FOR PROVIDING MUNICIPAL WASTE AND RECYCLING SERVICES,2014 47TH HAWAII INTERNATIONAL CONFERENCE ON SYSTEM SCIENCES (HICSS),140,1,real,real,heuristic,,False,True,False,heuristic
74,"USBERTI FL, 2013, COMPUT OPER RES","BELENGUER JM, 2006, COMPUT OPER RES;BELENGUER JM, 2003, COMPUT OPER RES;BEULLENS P, 2003, EUR J OPER RES;BRANDAO J, 2008, COMPUT OPER RES;CORBERAN A, 2010, NETWORKS;GOUVEIA L, 2010, COMPUT OPER RES;GREISTORFER P, 2003, COMPUT IND ENG;HERTZ A, 2000, OPER RES;LACOMME P, 2004, ANN OPER RES;LONGO H, 2006, COMPUT OPER RES;POLACEK M, 2008, J HEURISTICS;SANTOS L, 2009, COMPUT OPER RES;USBERTI FL, 2011, COMPUT OPER RES;WOHLK S, 2006, COMPUT OPER RES;HERTZ A, 2001, TRANSP SCI;LABADI N, 2008, ADVANCES IN COMPUTATIONAL INTELLIGENCE IN TRANSPORT, LOGISTICS, AND SUPPLY CHAIN MANAGEMENT;LABADI N, 2008, RECENT ADVANCES IN EVOLUTIONARY COMPUTATION FOR COMBINATORIAL OPTIMIZATION;MANIEZZO V, 2008, RECENT ADVANCES IN EVOLUTIONARY COMPUTATION FOR COMBINATORIAL OPTIMIZATION;SANTOS L, 2010, TRANSP RES PT B-METHODOL","USBERTI FL, 2013, COMPUT OPER RES",USBERTI FL;FRANCA PM;MORELATO FRANCA AL,2013,GRASP WITH EVOLUTIONARY PATH-RELINKING FOR THE CAPACITATED ARC ROUTING PROBLEM,COMPUTERS \& OPERATIONS RESEARCH,154,1,gdb;val;egl,gdb;val;egl,GRASP,,False,True,False,heuristic
75,"BOSCO A, 2013, OPTIM LETT","BELENGUER JM, 2006, COMPUT OPER RES;BELENGUER JM, 2003, COMPUT OPER RES;CORBERAN A, 2010, NETWORKS;GOUVEIA L, 2010, COMPUT OPER RES;SANTOS L, 2009, COMPUT OPER RES","BOSCO A, 2013, OPTIM LETT",BOSCO A;LAGANA D;MUSMANNO R;VOCATURO F,2013,MODELING AND SOLVING THE MIXED CAPACITATED GENERAL ROUTING PROBLEM,OPTIMIZATION LETTERS,27,1,gdb;val;mval;DI-NEARP,mggdb;mgval;mval;DI-NEARP,exact,,True,False,False,exact
76,"MARTINELLI R, 2013, COMPUT OPER RES","BALDACCI R, 2006, NETWORKS;BELENGUER JM, 2003, COMPUT OPER RES;BEULLENS P, 2003, EUR J OPER RES;BRANDAO J, 2008, COMPUT OPER RES;LETCHFORD AN, 2009, COMPUT OPER RES;LONGO H, 2006, COMPUT OPER RES;POLACEK M, 2008, J HEURISTICS;MARTINELLI R, 2011, EXPERIMENTAL ALGORITHMS;MEI Y, 2009, IEEE TRANS SYST MAN CYBERN PART B-CYBERN;MEI Y, 2009, 2009 IEEE CONGRESS ON EVOLUTIONARY COMPUTATION, VOLS 1-5;SANTOS L, 2010, TRANSP RES PT B-METHODOL;TANG K, 2009, IEEE TRANS EVOL COMPUT;USBERTI FL, 2011, COMPUT OPER RES","MARTINELLI R, 2013, COMPUT OPER RES",MARTINELLI R;POGGI M;SUBRAMANIAN A,2013,IMPROVED BOUNDS FOR LARGE SCALE CAPACITATED ARC ROUTING PROBLEM,COMPUTERS \& OPERATIONS RESEARCH,102,1,kshs;gdb;val;bmcv,kshs;gdb;val;bmcv,exact,,True,False,False,exact
77,"LIU T, 2013, INT J PROD RES","BEULLENS P, 2003, EUR J OPER RES;BRANDAO J, 2008, COMPUT OPER RES;CORBERAN A, 2010, NETWORKS;HERTZ A, 2000, OPER RES;LACOMME P, 2004, ANN OPER RES;POLACEK M, 2008, J HEURISTICS;USBERTI FL, 2013, COMPUT OPER RES;FUNG RYK, 2013, TRANSP RES PT E-LOGIST TRANSP REV;HERTZ A, 2001, TRANSP SCI;LACOMME P, 2001, APPLICATIONS OF EVOLUTIONARY COMPUTING, PROCEEDINGS;LACOMME P, 2001, SIMULATION IN INDUSTRY 2001;SANTOS L, 2010, TRANSP RES PT B-METHODOL","LIU T, 2013, INT J PROD RES",LIU T;JIANG Z;GENG N,2013,A MEMETIC ALGORITHM WITH ITERATED LOCAL SEARCH FOR THE CAPACITATED ARC ROUTING PROBLEM,INTERNATIONAL JOURNAL OF PRODUCTION RESEARCH,95,1,gdb;val;egl,gdb;val;egl,EA,,False,False,True,EA
78,"BACH L, 2013, COMPUT OPER RES","BELENGUER JM, 2003, COMPUT OPER RES;BOSCO A, 2013, OPTIM LETT;WOHLK S, 2006, COMPUT OPER RES","BACH L, 2013, COMPUT OPER RES",BACH L;HASLE G;WOHLK S,2013,"A LOWER BOUND FOR THE NODE, EDGE, AND ARC ROUTING PROBLEM",COMPUTERS \& OPERATIONS RESEARCH,9,1,gdb;val;egl;CBMix;DI-NEARP,BHW;DI-NEARP;CBMix,exact,,True,False,False,exact
79,"BARTOLINI E, 2013, OPER RES","BALDACCI R, 2006, NETWORKS;BELENGUER JM, 2003, COMPUT OPER RES;BEULLENS P, 2003, EUR J OPER RES;KIRLIK G, 2012, COMPUT OPER RES;LETCHFORD AN, 2009, COMPUT OPER RES;LONGO H, 2006, COMPUT OPER RES;SIPAHIOGLU A, 2010, ROBOT AUTON SYST;PARLAKTUNA O, 2009, 2009 IEEE CONTROL APPLICATIONS CCA \& INTELLIGENT CONTROL (ISIC), VOLS 1-3","BARTOLINI E, 2013, OPER RES",BARTOLINI E;CORDEAU JF;LAPORTE G,2013,AN EXACT ALGORITHM FOR THE CAPACITATED ARC ROUTING PROBLEM WITH DEADHEADING DEMAND,OPERATIONS RESEARCH,13,1,bmcv;egl;tcarp;egl;gdb;val;egl,2val;2bmcv;2egl;tcarp;tegl;tgb;tval;tegl,exact,,True,False,False,exact
80,"MONROY IM, 2013, DISCRET APPL MATH","AMAYA A, 2007, OPER RES LETT;BELENGUER JM, 2003, COMPUT OPER RES;CHU F, 2005, EUR J OPER RES;CORBERAN A, 2010, NETWORKS;HERTZ A, 2000, OPER RES;LACOMME P, 2005, EUR J OPER RES","MONROY IM, 2013, DISCRET APPL MATH",MONROY IM;AMAYA CA;LANGEVIN A,2013,THE PERIODIC CAPACITATED ARC ROUTING PROBLEM WITH IRREGULAR SERVICES,DISCRETE APPLIED MATHEMATICS,114,1,inso;insp;ins;gdb;val,ins;gdb;val;inso,Heuristic,,False,True,False,heuristic
81,"FUNG RYK, 2013, TRANSP RES PT E-LOGIST TRANSP REV","AMAYA A, 2007, OPER RES LETT;BALDACCI R, 2006, NETWORKS;BAUTISTA J, 2008, COMPUT OPER RES;BELENGUER JM, 2003, COMPUT OPER RES;BEULLENS P, 2003, EUR J OPER RES;BRANDAO J, 2008, COMPUT OPER RES;CHU F, 2005, EUR J OPER RES;CORBERAN A, 2010, NETWORKS;GREISTORFER P, 2003, COMPUT IND ENG;HERTZ A, 2000, OPER RES;LONGO H, 2006, COMPUT OPER RES;MOURAO MC, 2009, EUR J OPER RES;USBERTI FL, 2011, COMPUT OPER RES;HERTZ A, 2001, TRANSP SCI;LACOMME P, 2001, APPLICATIONS OF EVOLUTIONARY COMPUTING, PROCEEDINGS;LACOMME P, 2001, SIMULATION IN INDUSTRY 2001","FUNG RYK, 2013, TRANSP RES PT E-LOGIST TRANSP REV",FUNG RYK;LIU R;JIANG Z,2013,A MEMETIC ALGORITHM FOR THE OPEN CAPACITATED ARC ROUTING PROBLEM,TRANSPORTATION RESEARCH PART E-LOGISTICS AND TRANSPORTATION REVIEW,59,1,gdb;val;bmcv;random,o-gdb;o-val;o-C,EA,,False,False,True,EA
82,"BARTOLINI E, 2013, MATH PROGRAM","BALDACCI R, 2006, NETWORKS;BELENGUER JM, 2003, COMPUT OPER RES;BEULLENS P, 2003, EUR J OPER RES;CORBERAN A, 2010, NETWORKS;LETCHFORD AN, 2009, COMPUT OPER RES;LONGO H, 2006, COMPUT OPER RES;WOHLK S, 2006, COMPUT OPER RES;SANTOS L, 2010, TRANSP RES PT B-METHODOL","BARTOLINI E, 2013, MATH PROGRAM",BARTOLINI E;CORDEAU JF;LAPORTE G,2013,IMPROVED LOWER BOUNDS AND EXACT ALGORITHM FOR THE CAPACITATED ARC ROUTING PROBLEM,MATHEMATICAL PROGRAMMING,12,1,gdb;kshs;bmcv;egl;val;,gdb;kshs;bmcv;egl;val;,exact,,True,False,False,exact
83,"WANG J, 2013, 2013 IEEE WORKSHOP ON MEMETIC COMPUTING (MC)","LACOMME P, 2004, ANN OPER RES;FLEURY G, 2004, APPLICATIONS OF EVOLUTIONARY COMPUTING;MEI Y, 2009, IEEE TRANS SYST MAN CYBERN PART B-CYBERN;MEI Y, 2009, 2009 IEEE CONGRESS ON EVOLUTIONARY COMPUTATION, VOLS 1-5;TANG K, 2009, IEEE TRANS EVOL COMPUT","WANG J, 2013, 2013 IEEE WORKSHOP ON MEMETIC COMPUTING (MC)",WANG J;TANG K;YAO X,2013,A MEMETIC ALGORITHM FOR UNCERTAIN CAPACITATED ARC ROUTING PROBLEMS,2013 IEEE WORKSHOP ON MEMETIC COMPUTING (MC),160,1,val;gdb,ugdb;uval,EA,,False,False,True,EA
84,"MEI Y, 2013, 2013 IEEE CONGRESS ON EVOLUTIONARY COMPUTATION (CEC)","BEULLENS P, 2003, EUR J OPER RES;BRANDAO J, 2008, COMPUT OPER RES;CHU F, 2005, EUR J OPER RES;LACOMME P, 2004, ANN OPER RES;POLACEK M, 2008, J HEURISTICS;MEI Y, 2011, IEEE TRANS SYST MAN CYBERN PART B-CYBERN;MEI Y, 2011, IEEE TRANS EVOL COMPUT;MEI Y, 2009, IEEE TRANS SYST MAN CYBERN PART B-CYBERN;MEI Y, 2009, 2009 IEEE CONGRESS ON EVOLUTIONARY COMPUTATION, VOLS 1-5;MEI Y, 2009, IEEE TRANS SYST MAN CYBERN PART B-CYBERN;MEI Y, 2009, 2009 IEEE CONGRESS ON EVOLUTIONARY COMPUTATION, VOLS 1-5;TANG K, 2009, IEEE TRANS EVOL COMPUT","MEI Y, 2013, 2013 IEEE CONGRESS ON EVOLUTIONARY COMPUTATION (CEC)",MEI Y;LI X;YAO X,2013,DECOMPOSING LARGE-SCALE CAPACITATED ARC ROUTING PROBLEMS USING A RANDOM ROUTE GROUPING METHOD,2013 IEEE CONGRESS ON EVOLUTIONARY COMPUTATION (CEC),109,1,egl-g,egl-g,EA,,False,False,True,EA
85,"DOULABI SHH, 2013, EUR J OPER RES","BELENGUER JM, 2006, COMPUT OPER RES;BELENGUER JM, 2003, COMPUT OPER RES;BEULLENS P, 2003, EUR J OPER RES;GOUVEIA L, 2010, COMPUT OPER RES;MOURAO MC, 2005, EUR J OPER RES;BELENGUER JM, 2010, TRANSP SCI;LAPORTE G, 2010, TRANSP SCI","DOULABI SHH, 2013, EUR J OPER RES",DOULABI SHH;SEIFI A,2013,LOWER AND UPPER BOUNDS FOR LOCATION-ARC ROUTING PROBLEMS WITH VEHICLE CAPACITY CONSTRAINTS,EUROPEAN JOURNAL OF OPERATIONAL RESEARCH,49,1,lpr;val,lpr;val,EA,,False,False,True,EA
86,"GRANDINETTI L, 2012, COMPUT OPER RES","BALDACCI R, 2006, NETWORKS;BELENGUER JM, 2006, COMPUT OPER RES;BELENGUER JM, 2003, COMPUT OPER RES;BEULLENS P, 2003, EUR J OPER RES;BRANDAO J, 2008, COMPUT OPER RES;HERTZ A, 2000, OPER RES;LACOMME P, 2006, COMPUT OPER RES;LACOMME P, 2004, ANN OPER RES;LETCHFORD AN, 2009, COMPUT OPER RES;LONGO H, 2006, COMPUT OPER RES;SANTOS L, 2009, COMPUT OPER RES;WOHLK S, 2006, COMPUT OPER RES;DOERNER KF, 2004, ANT COLONY OPTIMIZATION AND SWARM INTELLIGENCE, PROCEEDINGS;HERTZ A, 2001, TRANSP SCI;MEI Y, 2009, IEEE TRANS SYST MAN CYBERN PART B-CYBERN;MEI Y, 2009, 2009 IEEE CONGRESS ON EVOLUTIONARY COMPUTATION, VOLS 1-5;MEI Y, 2009, IEEE TRANS SYST MAN CYBERN PART B-CYBERN;MEI Y, 2009, 2009 IEEE CONGRESS ON EVOLUTIONARY COMPUTATION, VOLS 1-5;MEI Y, 2011, IEEE TRANS SYST MAN CYBERN PART B-CYBERN;MEI Y, 2011, IEEE TRANS EVOL COMPUT;SANTOS L, 2010, TRANSP RES PT B-METHODOL;TANG K, 2009, IEEE TRANS EVOL COMPUT;WOHLK S, 2008, VEHICLE ROUTING PROBLEM: LATEST ADVANCES AND NEW CHALLENGES","GRANDINETTI L, 2012, COMPUT OPER RES",GRANDINETTI L;GUERRIERO F;LAGANA D;PISACANE O,2012,AN OPTIMIZATION-BASED HEURISTIC FOR THE MULTI-OBJECTIVE UNDIRECTED CAPACITATED ARC ROUTING PROBLEM,COMPUTERS \& OPERATIONS RESEARCH,66,1,gdb;val;egl;kshs,gdb;val;egl;kshs,heuristic,,False,True,False,heuristic
87,"KIRLIK G, 2012, COMPUT OPER RES","BELENGUER JM, 2003, COMPUT OPER RES;BRANDAO J, 2008, COMPUT OPER RES;GHIANI G, 2010, J HEURISTICS;LACOMME P, 2004, ANN OPER RES;POLACEK M, 2008, J HEURISTICS;SIPAHIOGLU A, 2010, ROBOT AUTON SYST;HERTZ A, 2005, GRAPH THEORY, COMBINATORICS AND ALGORITHMS: INTERDISCIPLINARY APPLICATIONS;WOHLK S, 2008, VEHICLE ROUTING PROBLEM: LATEST ADVANCES AND NEW CHALLENGES","KIRLIK G, 2012, COMPUT OPER RES",KIRLIK G;SIPAHIOGLU A,2012,CAPACITATED ARC ROUTING PROBLEM WITH DEADHEADING DEMANDS,COMPUTERS \& OPERATIONS RESEARCH,76,1,gdb;val;egl,2gdb;2val;2egl,LS,,False,True,False,heuristic
88,"BODE C, 2012, OPER RES","BALDACCI R, 2006, NETWORKS;BELENGUER JM, 2003, COMPUT OPER RES;BEULLENS P, 2003, EUR J OPER RES;BRANDAO J, 2008, COMPUT OPER RES;CORBERAN A, 2010, NETWORKS;HERTZ A, 2000, OPER RES;LETCHFORD AN, 2009, COMPUT OPER RES;LONGO H, 2006, COMPUT OPER RES;POLACEK M, 2008, J HEURISTICS;LACOMME P, 2001, APPLICATIONS OF EVOLUTIONARY COMPUTING, PROCEEDINGS;LACOMME P, 2001, SIMULATION IN INDUSTRY 2001;SANTOS L, 2010, TRANSP RES PT B-METHODOL","BODE C, 2012, OPER RES",BODE C;IRNICH S,2012,CUT-FIRST BRANCH-AND-PRICE-SECOND FOR THE CAPACITATED ARC-ROUTING PROBLEM,OPERATIONS RESEARCH,24,1,gdb;kshs;val;egl,gdb;kshs;val;egl,exact,,True,False,False,exact
89,"GONZALEZ S, 2012, 2012 WINTER SIMULATION CONFERENCE (WSC)","CHRISTIANSEN CH, 2009, OPER RES LETT;FLEURY G, 2005, J OPER RES SOC;LACOMME P, 2004, ANN OPER RES;FLEURY G, 2004, APPLICATIONS OF EVOLUTIONARY COMPUTING;LACOMME P, 2001, APPLICATIONS OF EVOLUTIONARY COMPUTING, PROCEEDINGS;LACOMME P, 2001, SIMULATION IN INDUSTRY 2001;LAPORTE G, 2010, TRANSP SCI","GONZALEZ S, 2012, 2012 WINTER SIMULATION CONFERENCE (WSC)",GONZALEZ S;RIERA D;JUAN AA;ELIZONDO MG;FONSECA P,2012,SIM-RANDSHARP: A HYBRID ALGORITHM FOR SOLVING THE ARC ROUTING PROBLEM WITH STOCHASTIC DEMANDS,2012 WINTER SIMULATION CONFERENCE (WSC),62,1,gdb,s-gdb,heuristic,,False,True,False,heuristic
90,"LIU M, 2012, 2012 SIXTH INTERNATIONAL CONFERENCE ON GENETIC AND EVOLUTIONARY COMPUTING (ICGEC)","LACOMME P, 2004, ANN OPER RES;MEI Y, 2009, IEEE TRANS SYST MAN CYBERN PART B-CYBERN;MEI Y, 2009, 2009 IEEE CONGRESS ON EVOLUTIONARY COMPUTATION, VOLS 1-5;TANG K, 2009, IEEE TRANS EVOL COMPUT","LIU M, 2012, 2012 SIXTH INTERNATIONAL CONFERENCE ON GENETIC AND EVOLUTIONARY COMPUTING (ICGEC)",LIU M;RAY T,2012,A MEMETIC ALGORITHM WITH RANDOM KEY CROSSOVER AND MODIFIED NEIGHBORHOOD SEARCH FOR THE SOLUTION OF CAPACITATED ARC ROUTING PROBLEMS,2012 SIXTH INTERNATIONAL CONFERENCE ON GENETIC AND EVOLUTIONARY COMPUTING (ICGEC),91,1,gdb;val;egl,gdb;val;egl,EA,,False,False,True,EA
91,"FENG L, 2012, 2012 IEEE CONGRESS ON EVOLUTIONARY COMPUTATION (CEC)","LACOMME P, 2004, ANN OPER RES;MEI Y, 2009, IEEE TRANS SYST MAN CYBERN PART B-CYBERN;MEI Y, 2009, 2009 IEEE CONGRESS ON EVOLUTIONARY COMPUTATION, VOLS 1-5","FENG L, 2012, 2012 IEEE CONGRESS ON EVOLUTIONARY COMPUTATION (CEC)",FENG L;ONG YS;TSANG IWH;TAN AH,2012,AN EVOLUTIONARY SEARCH PARADIGM THAT LEARNS WITH PAST EXPERIENCES,2012 IEEE CONGRESS ON EVOLUTIONARY COMPUTATION (CEC),53,1,egl,egl,EA,,False,False,True,EA
92,"WEISE T, 2012, PROCEEDINGS OF THE FOURTEENTH INTERNATIONAL CONFERENCE ON GENETIC AND EVOLUTIONARY COMPUTATION CONFERENCE","BRANDAO J, 2008, COMPUT OPER RES;HERTZ A, 2000, OPER RES;LACOMME P, 2004, ANN OPER RES;LACOMME P, 2004, ANN OPER RES;MEI Y, 2011, IEEE TRANS SYST MAN CYBERN PART B-CYBERN;MEI Y, 2011, IEEE TRANS EVOL COMPUT;MEI Y, 2009, IEEE TRANS SYST MAN CYBERN PART B-CYBERN;MEI Y, 2009, 2009 IEEE CONGRESS ON EVOLUTIONARY COMPUTATION, VOLS 1-5;TANG K, 2009, IEEE TRANS EVOL COMPUT","WEISE T, 2012, PROCEEDINGS OF THE FOURTEENTH INTERNATIONAL CONFERENCE ON GENETIC AND EVOLUTIONARY COMPUTATION CONFERENCE",WEISE T;DEVERT A;TANG K,2012,A DEVELOPMENTAL SOLUTION TO (DYNAMIC) CAPACITATED ARC ROUTING PROBLEMS USING GENETIC PROGRAMMING,PROCEEDINGS OF THE FOURTEENTH INTERNATIONAL CONFERENCE ON GENETIC AND EVOLUTIONARY COMPUTATION CONFERENCE,163,1,val;egl;egl-g,val;egl;egl-g,EA,,False,False,True,EA
93,"HUANG SH, 2012, AUTOM CONSTR","BALDACCI R, 2006, NETWORKS;BELENGUER JM, 2003, COMPUT OPER RES;BEULLENS P, 2003, EUR J OPER RES;BRANDAO J, 2008, COMPUT OPER RES;CHU F, 2005, J INTELL MANUF;GREISTORFER P, 2003, COMPUT IND ENG;HERTZ A, 2000, OPER RES;LACOMME P, 2004, ANN OPER RES;LONGO H, 2006, COMPUT OPER RES;BAUTISTA J, 2004, ANT COLONY OPTIMIZATION AND SWARM INTELLIGENCE, PROCEEDINGS;DOERNER KF, 2004, ANT COLONY OPTIMIZATION AND SWARM INTELLIGENCE, PROCEEDINGS;LACOMME P, 2004, ANN OPER RES;LACOMME P, 2001, APPLICATIONS OF EVOLUTIONARY COMPUTING, PROCEEDINGS;LACOMME P, 2001, SIMULATION IN INDUSTRY 2001;SANTOS L, 2010, TRANSP RES PT B-METHODOL","HUANG SH, 2012, AUTOM CONSTR",HUANG SH;LIN PC,2012,MULTI-TREATMENT CAPACITATED ARC ROUTING OF CONSTRUCTION MACHINERY IN TAIWAN'S SMOOTH ROAD PROJECT,AUTOMATION IN CONSTRUCTION,72,1,gdb;val;real,gdb;val;real,ACO,,False,True,False,heuristic
94,"MEI Y, 2011, IEEE TRANS SYST MAN CYBERN PART B-CYBERN","BELENGUER JM, 2003, COMPUT OPER RES;BEULLENS P, 2003, EUR J OPER RES;BRANDAO J, 2008, COMPUT OPER RES;CHU F, 2005, J INTELL MANUF;CHU F, 2005, EUR J OPER RES;GREISTORFER P, 2003, COMPUT IND ENG;HERTZ A, 2000, OPER RES;LACOMME P, 2005, EUR J OPER RES;LACOMME P, 2004, ANN OPER RES;LONGO H, 2006, COMPUT OPER RES;POLACEK M, 2008, J HEURISTICS;HERTZ A, 2001, TRANSP SCI;MEI Y, 2009, IEEE TRANS SYST MAN CYBERN PART B-CYBERN;MEI Y, 2009, 2009 IEEE CONGRESS ON EVOLUTIONARY COMPUTATION, VOLS 1-5;TANG K, 2009, IEEE TRANS EVOL COMPUT","MEI Y, 2011, IEEE TRANS SYST MAN CYBERN PART B-CYBERN",MEI Y;TANG K;YAO X,2011,A MEMETIC ALGORITHM FOR PERIODIC CAPACITATED ARC ROUTING PROBLEM,IEEE TRANSACTIONS ON SYSTEMS MAN AND CYBERNETICS PART B-CYBERNETICS,108,1,gdb,gdb,EA,,False,False,True,EA
95,"USBERTI FL, 2011, COMPUT OPER RES","BELENGUER JM, 2006, COMPUT OPER RES;BELENGUER JM, 2003, COMPUT OPER RES;BEULLENS P, 2003, EUR J OPER RES;BRANDAO J, 2008, COMPUT OPER RES;CORBERAN A, 2010, NETWORKS;GOUVEIA L, 2010, COMPUT OPER RES;GREISTORFER P, 2003, COMPUT IND ENG;HERTZ A, 2000, OPER RES;LONGO H, 2006, COMPUT OPER RES;SANTOS L, 2009, COMPUT OPER RES;WOHLK S, 2006, COMPUT OPER RES;HERTZ A, 2001, TRANSP SCI","USBERTI FL, 2011, COMPUT OPER RES",USBERTI FL;FRANCA PM;MORELATO FRANCA AL,2011,THE OPEN CAPACITATED ARC ROUTING PROBLEM,COMPUTERS \& OPERATIONS RESEARCH,153,1,gdb;val,ogdb;oval;oA;oB,heuristic,,False,True,False,heuristic
96,"BRAYSY O, 2011, EXPERT SYST APPL","BELENGUER JM, 2006, COMPUT OPER RES;BAUTISTA J, 2004, ANT COLONY OPTIMIZATION AND SWARM INTELLIGENCE, PROCEEDINGS;BAUTISTA J, 2008, COMPUT OPER RES","BRAYSY O, 2011, EXPERT SYST APPL",BRAYSY O;MARTINEZ E;NAGATA Y;SOLER D,2011,THE MIXED CAPACITATED GENERAL ROUTING PROBLEM WITH TURN PENALTIES,EXPERT SYSTEMS WITH APPLICATIONS,30,1,ACVRP,ACVRP,exact;EA,,True,False,True,EA
97,"XING LN, 2011, IEEE TRANS SYST MAN CYBERN PART B-CYBERN","AMAYA A, 2007, OPER RES LETT;AMBERG A, 2000, EUR J OPER RES;BELENGUER JM, 2003, COMPUT OPER RES;BEULLENS P, 2003, EUR J OPER RES;BRANDAO J, 2008, COMPUT OPER RES;CHU F, 2005, J INTELL MANUF;CHU F, 2005, EUR J OPER RES;GREISTORFER P, 2003, COMPUT IND ENG;HERTZ A, 2000, OPER RES;LACOMME P, 2006, COMPUT OPER RES;LACOMME P, 2005, EUR J OPER RES;LACOMME P, 2004, ANN OPER RES;POLACEK M, 2008, J HEURISTICS;BELENGUER JM, 2010, TRANSP SCI;LAPORTE G, 2010, TRANSP SCI;DOERNER KF, 2004, ANT COLONY OPTIMIZATION AND SWARM INTELLIGENCE, PROCEEDINGS;HERTZ A, 2001, TRANSP SCI;LACOMME P, 2001, APPLICATIONS OF EVOLUTIONARY COMPUTING, PROCEEDINGS;LACOMME P, 2001, SIMULATION IN INDUSTRY 2001;MEI Y, 2009, IEEE TRANS SYST MAN CYBERN PART B-CYBERN;MEI Y, 2009, 2009 IEEE CONGRESS ON EVOLUTIONARY COMPUTATION, VOLS 1-5;REGHIOUI M, 2007, APPLICATIONS OF EVOLUTIONARY COMPUTING, PROCEEDINGS;TANG K, 2009, IEEE TRANS EVOL COMPUT","XING LN, 2011, IEEE TRANS SYST MAN CYBERN PART B-CYBERN",XING LN;ROHLFSHAGEN P;CHEN YW;YAO X,2011,A HYBRID ANT COLONY OPTIMIZATION ALGORITHM FOR THE EXTENDED CAPACITATED ARC ROUTING PROBLEM,IEEE TRANSACTIONS ON SYSTEMS MAN AND CYBERNETICS PART B-CYBERNETICS,171,1,bmcv,bmcv,ACO,,False,True,False,heuristic
98,"ZACHARIADIS EE, 2011, EUR J OPER RES","ARCHETTI C, 2010, COMPUT OPER RES;BELENGUER JM, 2003, COMPUT OPER RES","ZACHARIADIS EE, 2011, EUR J OPER RES",ZACHARIADIS EE;KIRANOUDIS CT,2011,LOCAL SEARCH FOR THE UNDIRECTED CAPACITATED ARC ROUTING PROBLEM WITH PROFITS,EUROPEAN JOURNAL OF OPERATIONAL RESEARCH,177,1,val,p-val,LS,,False,True,False,heuristic
99,"MEI Y, 2011, IEEE TRANS EVOL COMPUT","AMBERG A, 2000, EUR J OPER RES;BEULLENS P, 2003, EUR J OPER RES;BRANDAO J, 2008, COMPUT OPER RES;CHU F, 2005, EUR J OPER RES;CORBERAN A, 2010, NETWORKS;GREISTORFER P, 2003, COMPUT IND ENG;HERTZ A, 2000, OPER RES;LACOMME P, 2006, COMPUT OPER RES;LACOMME P, 2005, EUR J OPER RES;LACOMME P, 2004, ANN OPER RES;POLACEK M, 2008, J HEURISTICS;HERTZ A, 2001, TRANSP SCI;MEI Y, 2009, IEEE TRANS SYST MAN CYBERN PART B-CYBERN;MEI Y, 2009, 2009 IEEE CONGRESS ON EVOLUTIONARY COMPUTATION, VOLS 1-5;TANG K, 2009, IEEE TRANS EVOL COMPUT","MEI Y, 2011, IEEE TRANS EVOL COMPUT",MEI Y;TANG K;YAO X,2011,DECOMPOSITION-BASED MEMETIC ALGORITHM FOR MULTIOBJECTIVE CAPACITATED ARC ROUTING PROBLEM,IEEE TRANSACTIONS ON EVOLUTIONARY COMPUTATION,107,1,gdb;egl;val,gdb;egl;val,EA,,False,False,True,EA
100,"XU H, 2011, EXPERT SYST APPL","AMBERG A, 2000, EUR J OPER RES;BEULLENS P, 2003, EUR J OPER RES;BRANDAO J, 2008, COMPUT OPER RES;LACOMME P, 2004, ANN OPER RES;LACOMME P, 2006, COMPUT OPER RES","XU H, 2011, EXPERT SYST APPL",XU H;ZHANG CH;TAN YA;LU J,2011,AN IMPROVED EVOLUTIONARY APPROACH TO THE EXTENDED CAPACITATED ARC ROUTING PROBLEM,EXPERT SYSTEMS WITH APPLICATIONS,172,1,egl;gdb;kshs;val,egl;gdb;kshs;val,EA,,False,False,True,EA
101,"TAGMOUTI M, 2011, TRANSP RES PT C-EMERG TECHNOL","CHRISTIANSEN CH, 2009, OPER RES LETT;FLEURY G, 2005, J OPER RES SOC;LONGO H, 2006, COMPUT OPER RES;FLEURY G, 2004, APPLICATIONS OF EVOLUTIONARY COMPUTING","TAGMOUTI M, 2011, TRANSP RES PT C-EMERG TECHNOL",TAGMOUTI M;GENDREAU M;POTVIN JY,2011,A DYNAMIC CAPACITATED ARC ROUTING PROBLEM WITH TIME-DEPENDENT SERVICE COSTS,TRANSPORTATION RESEARCH PART C-EMERGING TECHNOLOGIES,146,1,random,random,VND,,False,True,False,heuristic
102,"MARTINELLI R, 2011, EXPERIMENTAL ALGORITHMS","BELENGUER JM, 2003, COMPUT OPER RES;BEULLENS P, 2003, EUR J OPER RES;BRANDAO J, 2008, COMPUT OPER RES;HERTZ A, 2000, OPER RES;LACOMME P, 2004, ANN OPER RES;LETCHFORD AN, 2009, COMPUT OPER RES;LONGO H, 2006, COMPUT OPER RES;WOHLK S, 2006, COMPUT OPER RES;LACOMME P, 2001, APPLICATIONS OF EVOLUTIONARY COMPUTING, PROCEEDINGS;LACOMME P, 2001, SIMULATION IN INDUSTRY 2001;SANTOS L, 2010, TRANSP RES PT B-METHODOL","MARTINELLI R, 2011, EXPERIMENTAL ALGORITHMS",MARTINELLI R;PECIN D;POGGI M;LONGO H,2011,A BRANCH-CUT-AND-PRICE ALGORITHM FOR THE CAPACITATED ARC ROUTING PROBLEM,EXPERIMENTAL ALGORITHMS,101,1,egl,egl,exact,,True,False,False,exact
103,"TAGMOUTI M, 2010, COMPUT IND ENG","AMBERG A, 2000, EUR J OPER RES;BRANDAO J, 2008, COMPUT OPER RES;HERTZ A, 2000, OPER RES;LACOMME P, 2004, ANN OPER RES;FLEURY G, 2004, APPLICATIONS OF EVOLUTIONARY COMPUTING;HERTZ A, 2001, TRANSP SCI;LABADI N, 2008, ADVANCES IN COMPUTATIONAL INTELLIGENCE IN TRANSPORT, LOGISTICS, AND SUPPLY CHAIN MANAGEMENT;LABADI N, 2008, RECENT ADVANCES IN EVOLUTIONARY COMPUTATION FOR COMBINATORIAL OPTIMIZATION","TAGMOUTI M, 2010, COMPUT IND ENG",TAGMOUTI M;GENDREAU M;POTVIN JY,2010,A VARIABLE NEIGHBORHOOD DESCENT HEURISTIC FOR ARC ROUTING PROBLEMS WITH TIME-DEPENDENT SERVICE COSTS,COMPUTERS \& INDUSTRIAL ENGINEERING,145,1,gdb;egl,gdb;egl,VND,,False,True,False,heuristic
104,"ARCHETTI C, 2010, COMPUT OPER RES","BELENGUER JM, 2003, COMPUT OPER RES;HERTZ A, 2000, OPER RES;HERTZ A, 2001, TRANSP SCI","ARCHETTI C, 2010, COMPUT OPER RES",ARCHETTI C;FEILLET D;HERTZ A;SPERANZA MG,2010,THE UNDIRECTED CAPACITATED ARC ROUTING PROBLEM WITH PROFITS,COMPUTERS \& OPERATIONS RESEARCH,7,1,val,p-val,exact;TS;VNS,,True,True,False,heuristic
105,"MUYLDERMANS L, 2010, COMPUT OPER RES","BELENGUER JM, 2006, COMPUT OPER RES;BEULLENS P, 2003, EUR J OPER RES;BRANDAO J, 2008, COMPUT OPER RES;GREISTORFER P, 2003, COMPUT IND ENG;HERTZ A, 2000, OPER RES;LACOMME P, 2004, ANN OPER RES;POLACEK M, 2008, J HEURISTICS;HERTZ A, 2001, TRANSP SCI;LACOMME P, 2001, APPLICATIONS OF EVOLUTIONARY COMPUTING, PROCEEDINGS;LACOMME P, 2001, SIMULATION IN INDUSTRY 2001;SANTOS L, 2010, TRANSP RES PT B-METHODOL","MUYLDERMANS L, 2010, COMPUT OPER RES",MUYLDERMANS L;PANG G,2010,A GUIDED LOCAL SEARCH PROCEDURE FOR THE MULTI-COMPARTMENT CAPACITATED ARC ROUTING PROBLEM,COMPUTERS \& OPERATIONS RESEARCH,118,1,egl,2m-egl,guided-local-search,,False,True,False,heuristic
106,"AMAYA CA, 2010, J OPER RES SOC","AMAYA A, 2007, OPER RES LETT;BELENGUER JM, 2006, COMPUT OPER RES;WOHLK S, 2006, COMPUT OPER RES;HERTZ A, 2005, GRAPH THEORY, COMBINATORICS AND ALGORITHMS: INTERDISCIPLINARY APPLICATIONS","AMAYA CA, 2010, J OPER RES SOC",AMAYA CA;LANGEVIN A;TREPANIER M,2010,A HEURISTIC METHOD FOR THE CAPACITATED ARC ROUTING PROBLEM WITH REFILL POINTS AND MULTIPLE LOADS,JOURNAL OF THE OPERATIONAL RESEARCH SOCIETY,2,1,random;real,random;real,heuristic,,False,True,False,heuristic
107,"XING L, 2010, IEEE TRANS EVOL COMPUT","AMBERG A, 2000, EUR J OPER RES;BELENGUER JM, 2003, COMPUT OPER RES;BEULLENS P, 2003, EUR J OPER RES;BRANDAO J, 2008, COMPUT OPER RES;HERTZ A, 2000, OPER RES;LACOMME P, 2006, COMPUT OPER RES;LACOMME P, 2005, EUR J OPER RES;LACOMME P, 2004, ANN OPER RES;WOHLK S, 2006, COMPUT OPER RES;DOERNER KF, 2004, ANT COLONY OPTIMIZATION AND SWARM INTELLIGENCE, PROCEEDINGS;FLEURY G, 2004, APPLICATIONS OF EVOLUTIONARY COMPUTING;HERTZ A, 2001, TRANSP SCI;MEI Y, 2009, IEEE TRANS SYST MAN CYBERN PART B-CYBERN;MEI Y, 2009, 2009 IEEE CONGRESS ON EVOLUTIONARY COMPUTATION, VOLS 1-5;TANG K, 2009, IEEE TRANS EVOL COMPUT","XING L, 2010, IEEE TRANS EVOL COMPUT",XING L;ROHLFSHAGEN P;CHEN Y;YAO X,2010,AN EVOLUTIONARY APPROACH TO THE MULTIDEPOT CAPACITATED ARC ROUTING PROBLEM,IEEE TRANSACTIONS ON EVOLUTIONARY COMPUTATION,170,1,bmcv,bmcv,EA,,False,False,True,EA
108,"SIPAHIOGLU A, 2010, ROBOT AUTON SYST","BELENGUER JM, 2003, COMPUT OPER RES;HERTZ A, 2000, OPER RES;WOHLK S, 2006, COMPUT OPER RES","SIPAHIOGLU A, 2010, ROBOT AUTON SYST",SIPAHIOGLU A;KIRLIK G;PARLAKTUNA O;YAZICI A,2010,ENERGY CONSTRAINED MULTI-ROBOT SENSOR-BASED COVERAGE PATH PLANNING USING CAPACITATED ARC ROUTING APPROACH,ROBOTICS AND AUTONOMOUS SYSTEMS,141,1,real,real,heuristic,,False,True,False,heuristic
109,"BELENGUER JM, 2010, TRANSP SCI","BALDACCI R, 2006, NETWORKS;BELENGUER JM, 2003, COMPUT OPER RES;BRANDAO J, 2008, COMPUT OPER RES;HERTZ A, 2000, OPER RES;LACOMME P, 2004, ANN OPER RES;LONGO H, 2006, COMPUT OPER RES;LABADI N, 2008, ADVANCES IN COMPUTATIONAL INTELLIGENCE IN TRANSPORT, LOGISTICS, AND SUPPLY CHAIN MANAGEMENT;LABADI N, 2008, RECENT ADVANCES IN EVOLUTIONARY COMPUTATION FOR COMBINATORIAL OPTIMIZATION;LABADI N, 2008, ADVANCES IN COMPUTATIONAL INTELLIGENCE IN TRANSPORT, LOGISTICS, AND SUPPLY CHAIN MANAGEMENT;LABADI N, 2008, RECENT ADVANCES IN EVOLUTIONARY COMPUTATION FOR COMBINATORIAL OPTIMIZATION","BELENGUER JM, 2010, TRANSP SCI",BELENGUER JM;BENAVENT E;LABADI N;PRINS C;REGHIOUI M,2010,SPLIT-DELIVERY CAPACITATED ARC-ROUTING PROBLEM: LOWER BOUND AND METAHEURISTIC,TRANSPORTATION SCIENCE,18,1,gdb;val;egl,gdb;sdgdb;val;sdval;egl;sdegl,exact;EA,,True,False,True,EA
110,"GOUVEIA L, 2010, COMPUT OPER RES","AMAYA A, 2007, OPER RES LETT;AMPONSAH SK, 2004, WASTE MANAGE;BALDACCI R, 2006, NETWORKS;BAUTISTA J, 2008, COMPUT OPER RES;BELENGUER JM, 2006, COMPUT OPER RES;BELENGUER JM, 2003, COMPUT OPER RES;GHIANI G, 2001, NETWORKS;LONGO H, 2006, COMPUT OPER RES;MOURAO MC, 2005, EUR J OPER RES","GOUVEIA L, 2010, COMPUT OPER RES",GOUVEIA L;MOURAO MC;PINTO LS,2010,LOWER BOUNDS FOR THE MIXED CAPACITATED ARC ROUTING PROBLEM,COMPUTERS \& OPERATIONS RESEARCH,64,1,mval;lpr,mval;lpr,EA,,False,False,True,EA
111,"SANTOS L, 2010, TRANSP RES PT B-METHODOL","BALDACCI R, 2006, NETWORKS;BAUTISTA J, 2008, COMPUT OPER RES;BELENGUER JM, 2006, COMPUT OPER RES;BELENGUER JM, 2003, COMPUT OPER RES;BEULLENS P, 2003, EUR J OPER RES;BRANDAO J, 2008, COMPUT OPER RES;GREISTORFER P, 2003, COMPUT IND ENG;HERTZ A, 2000, OPER RES;LACOMME P, 2004, ANN OPER RES;LONGO H, 2006, COMPUT OPER RES;LACOMME P, 2001, APPLICATIONS OF EVOLUTIONARY COMPUTING, PROCEEDINGS;LACOMME P, 2001, SIMULATION IN INDUSTRY 2001","SANTOS L, 2010, TRANSP RES PT B-METHODOL",SANTOS L;COUTINHO RODRIGUES J;CURRENT JR,2010,AN IMPROVED ANT COLONY OPTIMIZATION BASED ALGORITHM FOR THE CAPACITATED ARC ROUTING PROBLEM,TRANSPORTATION RESEARCH PART B-METHODOLOGICAL,132,1,gdb;bmcv;egl;val;,gdb;bmcv;egl;val;,ACO,,False,True,False,heuristic
112,"LAPORTE G, 2010, TRANSP SCI","BALDACCI R, 2006, NETWORKS;BELENGUER JM, 2003, COMPUT OPER RES;BEULLENS P, 2003, EUR J OPER RES;BRANDAO J, 2008, COMPUT OPER RES;FLEURY G, 2005, J OPER RES SOC;GHIANI G, 2001, NETWORKS;HERTZ A, 2000, OPER RES;LACOMME P, 2004, ANN OPER RES;LETCHFORD AN, 2009, COMPUT OPER RES;LONGO H, 2006, COMPUT OPER RES;POLACEK M, 2008, J HEURISTICS;WOHLK S, 2006, COMPUT OPER RES;DOERNER KF, 2004, ANT COLONY OPTIMIZATION AND SWARM INTELLIGENCE, PROCEEDINGS;FLEURY G, 2004, APPLICATIONS OF EVOLUTIONARY COMPUTING;HERTZ A, 2001, TRANSP SCI","LAPORTE G, 2010, TRANSP SCI",LAPORTE G;MUSMANNO R;VOCATURO F,2010,AN ADAPTIVE LARGE NEIGHBOURHOOD SEARCH HEURISTIC FOR THE CAPACITATED ARC-ROUTING PROBLEM WITH STOCHASTIC DEMANDS,TRANSPORTATION SCIENCE,87,1,gdb,gdb,adaptive-large-neighbourhood-search,,False,True,False,heuristic
113,"FENG L, 2010, 2010 IEEE CONGRESS ON EVOLUTIONARY COMPUTATION (CEC)","LACOMME P, 2004, ANN OPER RES;MEI Y, 2009, IEEE TRANS SYST MAN CYBERN PART B-CYBERN;MEI Y, 2009, 2009 IEEE CONGRESS ON EVOLUTIONARY COMPUTATION, VOLS 1-5;TANG K, 2009, IEEE TRANS EVOL COMPUT","FENG L, 2010, 2010 IEEE CONGRESS ON EVOLUTIONARY COMPUTATION (CEC)",FENG L;ONG YS;QUANG HUY NGUYEN QHN;TAN AH,2010,TOWARDS PROBABILISTIC MEMETIC ALGORITHM: AN INITIAL STUDY ON CAPACITATED ARC ROUTING PROBLEM,2010 IEEE CONGRESS ON EVOLUTIONARY COMPUTATION (CEC),52,1,egl,egl,EA,,False,False,True,EA
114,"FU H, 2010, 2010 IEEE CONGRESS ON EVOLUTIONARY COMPUTATION (CEC)","BALDACCI R, 2006, NETWORKS;BRANDAO J, 2008, COMPUT OPER RES;HERTZ A, 2000, OPER RES;LACOMME P, 2004, ANN OPER RES;LONGO H, 2006, COMPUT OPER RES;HERTZ A, 2001, TRANSP SCI;MEI Y, 2009, IEEE TRANS SYST MAN CYBERN PART B-CYBERN;MEI Y, 2009, 2009 IEEE CONGRESS ON EVOLUTIONARY COMPUTATION, VOLS 1-5;TANG K, 2009, IEEE TRANS EVOL COMPUT","FU H, 2010, 2010 IEEE CONGRESS ON EVOLUTIONARY COMPUTATION (CEC)",FU H;MEI Y;TANG K;ZHU Y,2010,MEMETIC ALGORITHM WITH HEURISTIC CANDIDATE LIST STRATEGY FOR CAPACITATED ARC ROUTING PROBLEM,2010 IEEE CONGRESS ON EVOLUTIONARY COMPUTATION (CEC),58,1,gdb;val;egl,gdb;val;egl,EA,,False,False,True,EA
115,"MEI Y, 2010, 2010 IEEE CONGRESS ON EVOLUTIONARY COMPUTATION (CEC)","LACOMME P, 2004, ANN OPER RES;FLEURY G, 2004, APPLICATIONS OF EVOLUTIONARY COMPUTING;MEI Y, 2009, IEEE TRANS SYST MAN CYBERN PART B-CYBERN;MEI Y, 2009, 2009 IEEE CONGRESS ON EVOLUTIONARY COMPUTATION, VOLS 1-5;TANG K, 2009, IEEE TRANS EVOL COMPUT","MEI Y, 2010, 2010 IEEE CONGRESS ON EVOLUTIONARY COMPUTATION (CEC)",MEI Y;TANG K;YAO X,2010,CAPACITATED ARC ROUTING PROBLEM IN UNCERTAIN ENVIRONMENTS,2010 IEEE CONGRESS ON EVOLUTIONARY COMPUTATION (CEC),106,1,gdb,u-gdb,EA,,False,False,True,EA
116,"GRANDINETTI L, 2010, EXPERIMENTAL ALGORITHMS, PROCEEDINGS","BEULLENS P, 2003, EUR J OPER RES;BRANDAO J, 2008, COMPUT OPER RES;GREISTORFER P, 2003, COMPUT IND ENG;HERTZ A, 2000, OPER RES;LACOMME P, 2006, COMPUT OPER RES;LACOMME P, 2004, ANN OPER RES;SANTOS L, 2009, COMPUT OPER RES;HERTZ A, 2001, TRANSP SCI;MEI Y, 2009, IEEE TRANS SYST MAN CYBERN PART B-CYBERN;MEI Y, 2009, 2009 IEEE CONGRESS ON EVOLUTIONARY COMPUTATION, VOLS 1-5;TANG K, 2009, IEEE TRANS EVOL COMPUT","GRANDINETTI L, 2010, EXPERIMENTAL ALGORITHMS, PROCEEDINGS",GRANDINETTI L;GUERRIERO F;LAGANA D;PISACANE O,2010,AN APPROXIMATE EPSILON-CONSTRAINT METHOD FOR THE MULTI-OBJECTIVE UNDIRECTED CAPACITATED ARC ROUTING PROBLEM,"EXPERIMENTAL ALGORITHMS, PROCEEDINGS",65,1,gdb;val;egl,gdb;val;egl,exact,,True,False,False,exact
